1780404740599,202,POST /ai/chat (sustained),Non HTTP response code: java.lang.RuntimeException,Non HTTP response message: Can't load TrustStore: ,3 - Sustained Ramp-up 3-1,false,,3006,https://localhost:8443/ai/chat/,0
1780404740822,455,POST /ai/chat (sustained),429,Too Many Requests,3 - Sustained Ramp-up 3-1,false,,766,https://localhost:8443/ai/chat/,440
1780404741279,8,POST /ai/chat (sustained),429,Too Many Requests,3 - Sustained Ramp-up 3-1,false,,766,https://localhost:8443/ai/chat/,8
1780404741288,14,POST /ai/chat (sustained),429,Too Many Requests,3 - Sustained Ramp-up 3-1,false,,766,https://localhost:8443/ai/chat/,14
1780404741302,8,POST /ai/chat (sustained),429,Too Many Requests,3 - Sustained Ramp-up 3-1,false,,766,https://localhost:8443/ai/chat/,8
1780404741313,8,POST /ai/chat (sustained),429,Too Many Requests,3 - Sustained Ramp-up 3-1,false,,766,https://localhost:8443/ai/chat/,7
1780404741321,19,POST /ai/chat (sustained),429,Too Many Requests,3 - Sustained Ramp-up 3-1,false,,766,https://localhost:8443/ai/chat/,19
1780404741340,11,POST /ai/chat (sustained),429,Too Many Requests,3 - Sustained Ramp-up 3-1,false,,766,https://localhost:8443/ai/chat/,10
1780404741351,8,POST /ai/chat (sustained),429,Too Many Requests,3 - Sustained Ramp-up 3-1,false,,766,https://localhost:8443/ai/chat/,8
1780404741360,4,POST /ai/chat (sustained),429,Too Many Requests,3 - Sustained Ramp-up 3-1,false,,766,https://localhost:8443/ai/chat/,4
1780404741365,4,POST /ai/chat (sustained),429,Too Many Requests,3 - Sustained Ramp-up 3-1,false,,766,https://localhost:8443/ai/chat/,4
1780404741370,6,POST /ai/chat (sustained),429,Too Many Requests,3 - Sustained Ramp-up 3-1,false,,766,https://localhost:8443/ai/chat/,6
1780404741377,4,POST /ai/chat (sustained),429,Too Many Requests,3 - Sustained Ramp-up 3-1,false,,766,https://localhost:8443/ai/chat/,4
1780404741382,5,POST /ai/chat (sustained),429,Too Many Requests,3 - Sustained Ramp-up 3-1,false,,766,https://localhost:8443/ai/chat/,5
1780404741389,8,POST /ai/chat (sustained),429,Too Many Requests,3 - Sustained Ramp-up 3-1,false,,766,https://localhost:8443/ai/chat/,8
1780404741399,5,POST /ai/chat (sustained),429,Too Many Requests,3 - Sustained Ramp-up 3-1,false,,766,https://localhost:8443/ai/chat/,5
1780404741406,4,POST /ai/chat (sustained),429,Too Many Requests,3 - Sustained Ramp-up 3-1,false,,766,https://localhost:8443/ai/chat/,4
1780404741410,4,POST /ai/chat (sustained),429,Too Many Requests,3 - Sustained Ramp-up 3-1,false,,766,https://localhost:8443/ai/chat/,4
1780404741415,3,POST /ai/chat (sustained),429,Too Many Requests,3 - Sustained Ramp-up 3-1,false,,766,https://localhost:8443/ai/chat/,3
1780404741418,4,POST /ai/chat (sustained),429,Too Many Requests,3 - Sustained Ramp-up 3-1,false,,766,https://localhost:8443/ai/chat/,4
1780404744447,27,POST /ai/chat (sustained),429,Too Many Requests,3 - Sustained Ramp-up 3-2,false,,815,https://localhost:8443/ai/chat/,27
1780404744475,7,POST /ai/chat (sustained),429,Too Many Requests,3 - Sustained Ramp-up 3-2,false,,815,https://localhost:8443/ai/chat/,7
1780404744483,2,POST /ai/chat (sustained),429,Too Many Requests,3 - Sustained Ramp-up 3-2,false,,766,https://localhost:8443/ai/chat/,2
1780404744486,3,POST /ai/chat (sustained),429,Too Many Requests,3 - Sustained Ramp-up 3-2,false,,766,https://localhost:8443/ai/chat/,3
1780404744490,3,POST /ai/chat (sustained),429,Too Many Requests,3 - Sustained Ramp-up 3-2,false,,766,https://localhost:8443/ai/chat/,3
1780404744493,4,POST /ai/chat (sustained),429,Too Many Requests,3 - Sustained Ramp-up 3-2,false,,766,https://localhost:8443/ai/chat/,4
1780404744498,4,POST /ai/chat (sustained),429,Too Many Requests,3 - Sustained Ramp-up 3-2,false,,766,https://localhost:8443/ai/chat/,4
1780404744502,3,POST /ai/chat (sustained),429,Too Many Requests,3 - Sustained Ramp-up 3-2,false,,766,https://localhost:8443/ai/chat/,3
1780404744505,5,POST /ai/chat (sustained),429,Too Many Requests,3 - Sustained Ramp-up 3-2,false,,766,https://localhost:8443/ai/chat/,5
1780404744510,3,POST /ai/chat (sustained),429,Too Many Requests,3 - Sustained Ramp-up 3-2,false,,766,https://localhost:8443/ai/chat/,3
1780404744514,4,POST /ai/chat (sustained),429,Too Many Requests,3 - Sustained Ramp-up 3-2,false,,766,https://localhost:8443/ai/chat/,4
1780404744518,3,POST /ai/chat (sustained),429,Too Many Requests,3 - Sustained Ramp-up 3-2,false,,766,https://localhost:8443/ai/chat/,3
1780404744521,4,POST /ai/chat (sustained),429,Too Many Requests,3 - Sustained Ramp-up 3-2,false,,766,https://localhost:8443/ai/chat/,4
1780404744526,3,POST /ai/chat (sustained),429,Too Many Requests,3 - Sustained Ramp-up 3-2,false,,766,https://localhost:8443/ai/chat/,3
1780404744530,3,POST /ai/chat (sustained),429,Too Many Requests,3 - Sustained Ramp-up 3-2,false,,766,https://localhost:8443/ai/chat/,3
1780404744534,3,POST /ai/chat (sustained),429,Too Many Requests,3 - Sustained Ramp-up 3-2,false,,766,https://localhost:8443/ai/chat/,3
1780404744538,3,POST /ai/chat (sustained),429,Too Many Requests,3 - Sustained Ramp-up 3-2,false,,766,https://localhost:8443/ai/chat/,3
1780404744541,4,POST /ai/chat (sustained),429,Too Many Requests,3 - Sustained Ramp-up 3-2,false,,766,https://localhost:8443/ai/chat/,4
1780404744545,2,POST /ai/chat (sustained),429,Too Many Requests,3 - Sustained Ramp-up 3-2,false,,766,https://localhost:8443/ai/chat/,2
1780404744548,2,POST /ai/chat (sustained),429,Too Many Requests,3 - Sustained Ramp-up 3-2,false,,766,https://localhost:8443/ai/chat/,2
1780404748450,33,POST /ai/chat (sustained),429,Too Many Requests,3 - Sustained Ramp-up 3-3,false,,815,https://localhost:8443/ai/chat/,33
1780404748484,6,POST /ai/chat (sustained),429,Too Many Requests,3 - Sustained Ramp-up 3-3,false,,815,https://localhost:8443/ai/chat/,6
1780404748490,8,POST /ai/chat (sustained),429,Too Many Requests,3 - Sustained Ramp-up 3-3,false,,815,https://localhost:8443/ai/chat/,8
1780404748499,10,POST /ai/chat (sustained),429,Too Many Requests,3 - Sustained Ramp-up 3-3,false,,815,https://localhost:8443/ai/chat/,10
1780404748509,6,POST /ai/chat (sustained),429,Too Many Requests,3 - Sustained Ramp-up 3-3,false,,815,https://localhost:8443/ai/chat/,6
1780404748516,5,POST /ai/chat (sustained),429,Too Many Requests,3 - Sustained Ramp-up 3-3,false,,815,https://localhost:8443/ai/chat/,5
1780404748522,5,POST /ai/chat (sustained),429,Too Many Requests,3 - Sustained Ramp-up 3-3,false,,766,https://localhost:8443/ai/chat/,5
1780404748528,4,POST /ai/chat (sustained),429,Too Many Requests,3 - Sustained Ramp-up 3-3,false,,766,https://localhost:8443/ai/chat/,4
1780404748532,2,POST /ai/chat (sustained),429,Too Many Requests,3 - Sustained Ramp-up 3-3,false,,766,https://localhost:8443/ai/chat/,2
1780404748535,2,POST /ai/chat (sustained),429,Too Many Requests,3 - Sustained Ramp-up 3-3,false,,766,https://localhost:8443/ai/chat/,2
1780404748538,3,POST /ai/chat (sustained),429,Too Many Requests,3 - Sustained Ramp-up 3-3,false,,766,https://localhost:8443/ai/chat/,3
1780404748541,3,POST /ai/chat (sustained),429,Too Many Requests,3 - Sustained Ramp-up 3-3,false,,766,https://localhost:8443/ai/chat/,3
1780404748546,3,POST /ai/chat (sustained),429,Too Many Requests,3 - Sustained Ramp-up 3-3,false,,766,https://localhost:8443/ai/chat/,3
1780404748550,2,POST /ai/chat (sustained),429,Too Many Requests,3 - Sustained Ramp-up 3-3,false,,766,https://localhost:8443/ai/chat/,2
1780404748553,3,POST /ai/chat (sustained),429,Too Many Requests,3 - Sustained Ramp-up 3-3,false,,766,https://localhost:8443/ai/chat/,3
1780404748557,5,POST /ai/chat (sustained),429,Too Many Requests,3 - Sustained Ramp-up 3-3,false,,766,https://localhost:8443/ai/chat/,4
1780404748562,5,POST /ai/chat (sustained),429,Too Many Requests,3 - Sustained Ramp-up 3-3,false,,766,https://localhost:8443/ai/chat/,5
1780404748568,2,POST /ai/chat (sustained),429,Too Many Requests,3 - Sustained Ramp-up 3-3,false,,766,https://localhost:8443/ai/chat/,2
1780404748570,2,POST /ai/chat (sustained),429,Too Many Requests,3 - Sustained Ramp-up 3-3,false,,766,https://localhost:8443/ai/chat/,2
1780404748573,3,POST /ai/chat (sustained),429,Too Many Requests,3 - Sustained Ramp-up 3-3,false,,766,https://localhost:8443/ai/chat/,3
1780404752446,31,POST /ai/chat (sustained),429,Too Many Requests,3 - Sustained Ramp-up 3-4,false,,815,https://localhost:8443/ai/chat/,31
1780404752478,9,POST /ai/chat (sustained),429,Too Many Requests,3 - Sustained Ramp-up 3-4,false,,815,https://localhost:8443/ai/chat/,9
1780404752488,9,POST /ai/chat (sustained),429,Too Many Requests,3 - Sustained Ramp-up 3-4,false,,815,https://localhost:8443/ai/chat/,9
1780404752498,6,POST /ai/chat (sustained),429,Too Many Requests,3 - Sustained Ramp-up 3-4,false,,815,https://localhost:8443/ai/chat/,6
1780404752505,6,POST /ai/chat (sustained),429,Too Many Requests,3 - Sustained Ramp-up 3-4,false,,815,https://localhost:8443/ai/chat/,6
1780404752512,2,POST /ai/chat (sustained),429,Too Many Requests,3 - Sustained Ramp-up 3-4,false,,766,https://localhost:8443/ai/chat/,2
1780404752515,3,POST /ai/chat (sustained),429,Too Many Requests,3 - Sustained Ramp-up 3-4,false,,766,https://localhost:8443/ai/chat/,3
1780404752519,2,POST /ai/chat (sustained),429,Too Many Requests,3 - Sustained Ramp-up 3-4,false,,766,https://localhost:8443/ai/chat/,2
1780404752521,3,POST /ai/chat (sustained),429,Too Many Requests,3 - Sustained Ramp-up 3-4,false,,766,https://localhost:8443/ai/chat/,3
1780404752525,2,POST /ai/chat (sustained),429,Too Many Requests,3 - Sustained Ramp-up 3-4,false,,766,https://localhost:8443/ai/chat/,2
1780404752527,2,POST /ai/chat (sustained),429,Too Many Requests,3 - Sustained Ramp-up 3-4,false,,766,https://localhost:8443/ai/chat/,2
1780404752530,2,POST /ai/chat (sustained),429,Too Many Requests,3 - Sustained Ramp-up 3-4,false,,766,https://localhost:8443/ai/chat/,2
1780404752533,2,POST /ai/chat (sustained),429,Too Many Requests,3 - Sustained Ramp-up 3-4,false,,766,https://localhost:8443/ai/chat/,2
1780404752536,3,POST /ai/chat (sustained),429,Too Many Requests,3 - Sustained Ramp-up 3-4,false,,766,https://localhost:8443/ai/chat/,3
1780404752540,3,POST /ai/chat (sustained),429,Too Many Requests,3 - Sustained Ramp-up 3-4,false,,766,https://localhost:8443/ai/chat/,3
1780404752544,3,POST /ai/chat (sustained),429,Too Many Requests,3 - Sustained Ramp-up 3-4,false,,766,https://localhost:8443/ai/chat/,3
1780404752547,2,POST /ai/chat (sustained),429,Too Many Requests,3 - Sustained Ramp-up 3-4,false,,766,https://localhost:8443/ai/chat/,2
1780404752549,2,POST /ai/chat (sustained),429,Too Many Requests,3 - Sustained Ramp-up 3-4,false,,766,https://localhost:8443/ai/chat/,2
1780404752551,2,POST /ai/chat (sustained),429,Too Many Requests,3 - Sustained Ramp-up 3-4,false,,766,https://localhost:8443/ai/chat/,2
1780404752554,3,POST /ai/chat (sustained),429,Too Many Requests,3 - Sustained Ramp-up 3-4,false,,766,https://localhost:8443/ai/chat/,3
1780404756445,24,POST /ai/chat (sustained),429,Too Many Requests,3 - Sustained Ramp-up 3-5,false,,815,https://localhost:8443/ai/chat/,24
1780404756469,6,POST /ai/chat (sustained),429,Too Many Requests,3 - Sustained Ramp-up 3-5,false,,815,https://localhost:8443/ai/chat/,6
1780404756475,7,POST /ai/chat (sustained),429,Too Many Requests,3 - Sustained Ramp-up 3-5,false,,815,https://localhost:8443/ai/chat/,7
1780404756482,8,POST /ai/chat (sustained),429,Too Many Requests,3 - Sustained Ramp-up 3-5,false,,815,https://localhost:8443/ai/chat/,8
1780404756491,8,POST /ai/chat (sustained),429,Too Many Requests,3 - Sustained Ramp-up 3-5,false,,815,https://localhost:8443/ai/chat/,8
1780404756499,8,POST /ai/chat (sustained),429,Too Many Requests,3 - Sustained Ramp-up 3-5,false,,815,https://localhost:8443/ai/chat/,8
1780404756508,3,POST /ai/chat (sustained),429,Too Many Requests,3 - Sustained Ramp-up 3-5,false,,766,https://localhost:8443/ai/chat/,3
1780404756512,2,POST /ai/chat (sustained),429,Too Many Requests,3 - Sustained Ramp-up 3-5,false,,766,https://localhost:8443/ai/chat/,2
1780404756515,2,POST /ai/chat (sustained),429,Too Many Requests,3 - Sustained Ramp-up 3-5,false,,766,https://localhost:8443/ai/chat/,2
1780404756518,4,POST /ai/chat (sustained),429,Too Many Requests,3 - Sustained Ramp-up 3-5,false,,766,https://localhost:8443/ai/chat/,4
1780404756523,5,POST /ai/chat (sustained),429,Too Many Requests,3 - Sustained Ramp-up 3-5,false,,766,https://localhost:8443/ai/chat/,5
1780404756529,4,POST /ai/chat (sustained),429,Too Many Requests,3 - Sustained Ramp-up 3-5,false,,766,https://localhost:8443/ai/chat/,4
1780404756534,3,POST /ai/chat (sustained),429,Too Many Requests,3 - Sustained Ramp-up 3-5,false,,766,https://localhost:8443/ai/chat/,3
1780404756538,3,POST /ai/chat (sustained),429,Too Many Requests,3 - Sustained Ramp-up 3-5,false,,766,https://localhost:8443/ai/chat/,3
1780404756542,4,POST /ai/chat (sustained),429,Too Many Requests,3 - Sustained Ramp-up 3-5,false,,766,https://localhost:8443/ai/chat/,3
1780404756546,3,POST /ai/chat (sustained),429,Too Many Requests,3 - Sustained Ramp-up 3-5,false,,766,https://localhost:8443/ai/chat/,3
1780404756550,2,POST /ai/chat (sustained),429,Too Many Requests,3 - Sustained Ramp-up 3-5,false,,766,https://localhost:8443/ai/chat/,2
1780404756553,5,POST /ai/chat (sustained),429,Too Many Requests,3 - Sustained Ramp-up 3-5,false,,766,https://localhost:8443/ai/chat/,5
1780404756559,4,POST /ai/chat (sustained),429,Too Many Requests,3 - Sustained Ramp-up 3-5,false,,766,https://localhost:8443/ai/chat/,4
1780404756564,4,POST /ai/chat (sustained),429,Too Many Requests,3 - Sustained Ramp-up 3-5,false,,766,https://localhost:8443/ai/chat/,4
1780404760449,35,POST /ai/chat (sustained),429,Too Many Requests,3 - Sustained Ramp-up 3-6,false,,815,https://localhost:8443/ai/chat/,35
1780404760486,12,POST /ai/chat (sustained),429,Too Many Requests,3 - Sustained Ramp-up 3-6,false,,815,https://localhost:8443/ai/chat/,12
1780404760500,9,POST /ai/chat (sustained),429,Too Many Requests,3 - Sustained Ramp-up 3-6,false,,815,https://localhost:8443/ai/chat/,9
1780404760510,8,POST /ai/chat (sustained),429,Too Many Requests,3 - Sustained Ramp-up 3-6,false,,815,https://localhost:8443/ai/chat/,8
1780404760519,4,POST /ai/chat (sustained),429,Too Many Requests,3 - Sustained Ramp-up 3-6,false,,766,https://localhost:8443/ai/chat/,4
1780404760525,9,POST /ai/chat (sustained),429,Too Many Requests,3 - Sustained Ramp-up 3-6,false,,766,https://localhost:8443/ai/chat/,9
1780404760536,17,POST /ai/chat (sustained),429,Too Many Requests,3 - Sustained Ramp-up 3-6,false,,766,https://localhost:8443/ai/chat/,17
1780404760555,8,POST /ai/chat (sustained),429,Too Many Requests,3 - Sustained Ramp-up 3-6,false,,766,https://localhost:8443/ai/chat/,7
1780404760565,10,POST /ai/chat (sustained),429,Too Many Requests,3 - Sustained Ramp-up 3-6,false,,766,https://localhost:8443/ai/chat/,9
1780404760576,7,POST /ai/chat (sustained),429,Too Many Requests,3 - Sustained Ramp-up 3-6,false,,766,https://localhost:8443/ai/chat/,7
1780404760585,7,POST /ai/chat (sustained),429,Too Many Requests,3 - Sustained Ramp-up 3-6,false,,766,https://localhost:8443/ai/chat/,7
1780404760592,8,POST /ai/chat (sustained),429,Too Many Requests,3 - Sustained Ramp-up 3-6,false,,766,https://localhost:8443/ai/chat/,8
1780404760601,8,POST /ai/chat (sustained),429,Too Many Requests,3 - Sustained Ramp-up 3-6,false,,766,https://localhost:8443/ai/chat/,7
1780404760609,7,POST /ai/chat (sustained),429,Too Many Requests,3 - Sustained Ramp-up 3-6,false,,766,https://localhost:8443/ai/chat/,7
1780404760617,15,POST /ai/chat (sustained),429,Too Many Requests,3 - Sustained Ramp-up 3-6,false,,766,https://localhost:8443/ai/chat/,15
1780404760633,6,POST /ai/chat (sustained),429,Too Many Requests,3 - Sustained Ramp-up 3-6,false,,766,https://localhost:8443/ai/chat/,6
1780404760640,4,POST /ai/chat (sustained),429,Too Many Requests,3 - Sustained Ramp-up 3-6,false,,766,https://localhost:8443/ai/chat/,4
1780404760645,6,POST /ai/chat (sustained),429,Too Many Requests,3 - Sustained Ramp-up 3-6,false,,766,https://localhost:8443/ai/chat/,5
1780404760651,4,POST /ai/chat (sustained),429,Too Many Requests,3 - Sustained Ramp-up 3-6,false,,766,https://localhost:8443/ai/chat/,4
1780404760656,4,POST /ai/chat (sustained),429,Too Many Requests,3 - Sustained Ramp-up 3-6,false,,766,https://localhost:8443/ai/chat/,3
1780404764444,33,POST /ai/chat (sustained),429,Too Many Requests,3 - Sustained Ramp-up 3-7,false,,815,https://localhost:8443/ai/chat/,33
1780404764478,9,POST /ai/chat (sustained),429,Too Many Requests,3 - Sustained Ramp-up 3-7,false,,815,https://localhost:8443/ai/chat/,9
1780404764488,9,POST /ai/chat (sustained),429,Too Many Requests,3 - Sustained Ramp-up 3-7,false,,815,https://localhost:8443/ai/chat/,9
1780404764497,11,POST /ai/chat (sustained),429,Too Many Requests,3 - Sustained Ramp-up 3-7,false,,815,https://localhost:8443/ai/chat/,11
1780404764509,8,POST /ai/chat (sustained),429,Too Many Requests,3 - Sustained Ramp-up 3-7,false,,815,https://localhost:8443/ai/chat/,8
1780404764519,11,POST /ai/chat (sustained),429,Too Many Requests,3 - Sustained Ramp-up 3-7,false,,815,https://localhost:8443/ai/chat/,11
1780404764531,7,POST /ai/chat (sustained),429,Too Many Requests,3 - Sustained Ramp-up 3-7,false,,766,https://localhost:8443/ai/chat/,7
1780404764539,5,POST /ai/chat (sustained),429,Too Many Requests,3 - Sustained Ramp-up 3-7,false,,766,https://localhost:8443/ai/chat/,5
1780404764545,4,POST /ai/chat (sustained),429,Too Many Requests,3 - Sustained Ramp-up 3-7,false,,766,https://localhost:8443/ai/chat/,4
1780404764550,5,POST /ai/chat (sustained),429,Too Many Requests,3 - Sustained Ramp-up 3-7,false,,766,https://localhost:8443/ai/chat/,5
1780404764556,3,POST /ai/chat (sustained),429,Too Many Requests,3 - Sustained Ramp-up 3-7,false,,766,https://localhost:8443/ai/chat/,3
1780404764560,3,POST /ai/chat (sustained),429,Too Many Requests,3 - Sustained Ramp-up 3-7,false,,766,https://localhost:8443/ai/chat/,3
1780404764564,3,POST /ai/chat (sustained),429,Too Many Requests,3 - Sustained Ramp-up 3-7,false,,766,https://localhost:8443/ai/chat/,3
1780404764567,4,POST /ai/chat (sustained),429,Too Many Requests,3 - Sustained Ramp-up 3-7,false,,766,https://localhost:8443/ai/chat/,4
1780404764571,5,POST /ai/chat (sustained),429,Too Many Requests,3 - Sustained Ramp-up 3-7,false,,766,https://localhost:8443/ai/chat/,5
1780404764577,3,POST /ai/chat (sustained),429,Too Many Requests,3 - Sustained Ramp-up 3-7,false,,766,https://localhost:8443/ai/chat/,3
1780404764581,3,POST /ai/chat (sustained),429,Too Many Requests,3 - Sustained Ramp-up 3-7,false,,766,https://localhost:8443/ai/chat/,3
1780404764584,4,POST /ai/chat (sustained),429,Too Many Requests,3 - Sustained Ramp-up 3-7,false,,766,https://localhost:8443/ai/chat/,4
1780404764589,5,POST /ai/chat (sustained),429,Too Many Requests,3 - Sustained Ramp-up 3-7,false,,766,https://localhost:8443/ai/chat/,4
1780404764595,4,POST /ai/chat (sustained),429,Too Many Requests,3 - Sustained Ramp-up 3-7,false,,766,https://localhost:8443/ai/chat/,4
1780404768447,35,POST /ai/chat (sustained),429,Too Many Requests,3 - Sustained Ramp-up 3-8,false,,815,https://localhost:8443/ai/chat/,35
1780404768483,8,POST /ai/chat (sustained),429,Too Many Requests,3 - Sustained Ramp-up 3-8,false,,815,https://localhost:8443/ai/chat/,8
1780404768492,6,POST /ai/chat (sustained),429,Too Many Requests,3 - Sustained Ramp-up 3-8,false,,815,https://localhost:8443/ai/chat/,6
1780404768499,6,POST /ai/chat (sustained),429,Too Many Requests,3 - Sustained Ramp-up 3-8,false,,815,https://localhost:8443/ai/chat/,6
1780404768505,5,POST /ai/chat (sustained),429,Too Many Requests,3 - Sustained Ramp-up 3-8,false,,815,https://localhost:8443/ai/chat/,5
1780404768511,9,POST /ai/chat (sustained),429,Too Many Requests,3 - Sustained Ramp-up 3-8,false,,815,https://localhost:8443/ai/chat/,8
1780404768520,4,POST /ai/chat (sustained),429,Too Many Requests,3 - Sustained Ramp-up 3-8,false,,766,https://localhost:8443/ai/chat/,4
1780404768525,2,POST /ai/chat (sustained),429,Too Many Requests,3 - Sustained Ramp-up 3-8,false,,766,https://localhost:8443/ai/chat/,2
1780404768528,3,POST /ai/chat (sustained),429,Too Many Requests,3 - Sustained Ramp-up 3-8,false,,766,https://localhost:8443/ai/chat/,3
1780404768531,4,POST /ai/chat (sustained),429,Too Many Requests,3 - Sustained Ramp-up 3-8,false,,766,https://localhost:8443/ai/chat/,4
1780404768536,3,POST /ai/chat (sustained),429,Too Many Requests,3 - Sustained Ramp-up 3-8,false,,766,https://localhost:8443/ai/chat/,3
1780404768540,3,POST /ai/chat (sustained),429,Too Many Requests,3 - Sustained Ramp-up 3-8,false,,766,https://localhost:8443/ai/chat/,3
1780404768544,4,POST /ai/chat (sustained),429,Too Many Requests,3 - Sustained Ramp-up 3-8,false,,766,https://localhost:8443/ai/chat/,4
1780404768549,4,POST /ai/chat (sustained),429,Too Many Requests,3 - Sustained Ramp-up 3-8,false,,766,https://localhost:8443/ai/chat/,4
1780404768553,3,POST /ai/chat (sustained),429,Too Many Requests,3 - Sustained Ramp-up 3-8,false,,766,https://localhost:8443/ai/chat/,3
1780404768557,2,POST /ai/chat (sustained),429,Too Many Requests,3 - Sustained Ramp-up 3-8,false,,766,https://localhost:8443/ai/chat/,2
1780404768560,3,POST /ai/chat (sustained),429,Too Many Requests,3 - Sustained Ramp-up 3-8,false,,766,https://localhost:8443/ai/chat/,3
1780404768563,3,POST /ai/chat (sustained),429,Too Many Requests,3 - Sustained Ramp-up 3-8,false,,766,https://localhost:8443/ai/chat/,3
1780404768566,3,POST /ai/chat (sustained),429,Too Many Requests,3 - Sustained Ramp-up 3-8,false,,766,https://localhost:8443/ai/chat/,3
1780404768570,3,POST /ai/chat (sustained),429,Too Many Requests,3 - Sustained Ramp-up 3-8,false,,766,https://localhost:8443/ai/chat/,2
1780404772445,44,POST /ai/chat (sustained),429,Too Many Requests,3 - Sustained Ramp-up 3-9,false,,815,https://localhost:8443/ai/chat/,44
1780404772490,16,POST /ai/chat (sustained),429,Too Many Requests,3 - Sustained Ramp-up 3-9,false,,815,https://localhost:8443/ai/chat/,16
1780404772507,10,POST /ai/chat (sustained),429,Too Many Requests,3 - Sustained Ramp-up 3-9,false,,815,https://localhost:8443/ai/chat/,10
1780404772518,8,POST /ai/chat (sustained),429,Too Many Requests,3 - Sustained Ramp-up 3-9,false,,815,https://localhost:8443/ai/chat/,8
1780404772527,7,POST /ai/chat (sustained),429,Too Many Requests,3 - Sustained Ramp-up 3-9,false,,815,https://localhost:8443/ai/chat/,7
1780404772535,6,POST /ai/chat (sustained),429,Too Many Requests,3 - Sustained Ramp-up 3-9,false,,815,https://localhost:8443/ai/chat/,6
1780404772542,3,POST /ai/chat (sustained),429,Too Many Requests,3 - Sustained Ramp-up 3-9,false,,766,https://localhost:8443/ai/chat/,3
1780404772546,4,POST /ai/chat (sustained),429,Too Many Requests,3 - Sustained Ramp-up 3-9,false,,766,https://localhost:8443/ai/chat/,3
1780404772550,6,POST /ai/chat (sustained),429,Too Many Requests,3 - Sustained Ramp-up 3-9,false,,766,https://localhost:8443/ai/chat/,6
1780404772556,4,POST /ai/chat (sustained),429,Too Many Requests,3 - Sustained Ramp-up 3-9,false,,766,https://localhost:8443/ai/chat/,4
1780404772561,3,POST /ai/chat (sustained),429,Too Many Requests,3 - Sustained Ramp-up 3-9,false,,766,https://localhost:8443/ai/chat/,3
1780404772564,5,POST /ai/chat (sustained),429,Too Many Requests,3 - Sustained Ramp-up 3-9,false,,766,https://localhost:8443/ai/chat/,5
1780404772570,3,POST /ai/chat (sustained),429,Too Many Requests,3 - Sustained Ramp-up 3-9,false,,766,https://localhost:8443/ai/chat/,3
1780404772574,3,POST /ai/chat (sustained),429,Too Many Requests,3 - Sustained Ramp-up 3-9,false,,766,https://localhost:8443/ai/chat/,3
1780404772577,3,POST /ai/chat (sustained),429,Too Many Requests,3 - Sustained Ramp-up 3-9,false,,766,https://localhost:8443/ai/chat/,3
1780404772580,3,POST /ai/chat (sustained),429,Too Many Requests,3 - Sustained Ramp-up 3-9,false,,766,https://localhost:8443/ai/chat/,3
1780404772584,4,POST /ai/chat (sustained),429,Too Many Requests,3 - Sustained Ramp-up 3-9,false,,766,https://localhost:8443/ai/chat/,4
1780404772589,3,POST /ai/chat (sustained),429,Too Many Requests,3 - Sustained Ramp-up 3-9,false,,766,https://localhost:8443/ai/chat/,3
1780404772593,4,POST /ai/chat (sustained),429,Too Many Requests,3 - Sustained Ramp-up 3-9,false,,766,https://localhost:8443/ai/chat/,4
1780404772598,2,POST /ai/chat (sustained),429,Too Many Requests,3 - Sustained Ramp-up 3-9,false,,766,https://localhost:8443/ai/chat/,2
1780404776446,29,POST /ai/chat (sustained),429,Too Many Requests,3 - Sustained Ramp-up 3-10,false,,815,https://localhost:8443/ai/chat/,28
1780404776475,5,POST /ai/chat (sustained),429,Too Many Requests,3 - Sustained Ramp-up 3-10,false,,815,https://localhost:8443/ai/chat/,5
1780404776481,8,POST /ai/chat (sustained),429,Too Many Requests,3 - Sustained Ramp-up 3-10,false,,815,https://localhost:8443/ai/chat/,8
1780404776489,7,POST /ai/chat (sustained),429,Too Many Requests,3 - Sustained Ramp-up 3-10,false,,815,https://localhost:8443/ai/chat/,7
1780404776497,6,POST /ai/chat (sustained),429,Too Many Requests,3 - Sustained Ramp-up 3-10,false,,815,https://localhost:8443/ai/chat/,6
1780404776504,9,POST /ai/chat (sustained),429,Too Many Requests,3 - Sustained Ramp-up 3-10,false,,815,https://localhost:8443/ai/chat/,9
1780404776513,5,POST /ai/chat (sustained),429,Too Many Requests,3 - Sustained Ramp-up 3-10,false,,766,https://localhost:8443/ai/chat/,5
1780404776519,3,POST /ai/chat (sustained),429,Too Many Requests,3 - Sustained Ramp-up 3-10,false,,766,https://localhost:8443/ai/chat/,3
1780404776522,5,POST /ai/chat (sustained),429,Too Many Requests,3 - Sustained Ramp-up 3-10,false,,766,https://localhost:8443/ai/chat/,5
1780404776527,9,POST /ai/chat (sustained),429,Too Many Requests,3 - Sustained Ramp-up 3-10,false,,766,https://localhost:8443/ai/chat/,9
1780404776537,6,POST /ai/chat (sustained),429,Too Many Requests,3 - Sustained Ramp-up 3-10,false,,766,https://localhost:8443/ai/chat/,6
1780404776544,6,POST /ai/chat (sustained),429,Too Many Requests,3 - Sustained Ramp-up 3-10,false,,766,https://localhost:8443/ai/chat/,6
1780404776551,6,POST /ai/chat (sustained),429,Too Many Requests,3 - Sustained Ramp-up 3-10,false,,766,https://localhost:8443/ai/chat/,6
1780404776558,3,POST /ai/chat (sustained),429,Too Many Requests,3 - Sustained Ramp-up 3-10,false,,766,https://localhost:8443/ai/chat/,3
1780404776562,3,POST /ai/chat (sustained),429,Too Many Requests,3 - Sustained Ramp-up 3-10,false,,766,https://localhost:8443/ai/chat/,3
1780404776565,4,POST /ai/chat (sustained),429,Too Many Requests,3 - Sustained Ramp-up 3-10,false,,766,https://localhost:8443/ai/chat/,4
1780404776570,3,POST /ai/chat (sustained),429,Too Many Requests,3 - Sustained Ramp-up 3-10,false,,766,https://localhost:8443/ai/chat/,3
1780404776573,3,POST /ai/chat (sustained),429,Too Many Requests,3 - Sustained Ramp-up 3-10,false,,766,https://localhost:8443/ai/chat/,3
1780404776577,2,POST /ai/chat (sustained),429,Too Many Requests,3 - Sustained Ramp-up 3-10,false,,766,https://localhost:8443/ai/chat/,2
1780404776580,2,POST /ai/chat (sustained),429,Too Many Requests,3 - Sustained Ramp-up 3-10,false,,766,https://localhost:8443/ai/chat/,2
1780404780501,454,POST /ai/chat (sustained),429,Too Many Requests,3 - Sustained Ramp-up 3-11,false,,815,https://localhost:8443/ai/chat/,454
1780404780956,166,POST /ai/chat (sustained),429,Too Many Requests,3 - Sustained Ramp-up 3-11,false,,815,https://localhost:8443/ai/chat/,166
1780404781122,27,POST /ai/chat (sustained),429,Too Many Requests,3 - Sustained Ramp-up 3-11,false,,815,https://localhost:8443/ai/chat/,27
1780404781149,34,POST /ai/chat (sustained),429,Too Many Requests,3 - Sustained Ramp-up 3-11,false,,815,https://localhost:8443/ai/chat/,34
1780404781183,42,POST /ai/chat (sustained),429,Too Many Requests,3 - Sustained Ramp-up 3-11,false,,815,https://localhost:8443/ai/chat/,42
1780404781226,16,POST /ai/chat (sustained),429,Too Many Requests,3 - Sustained Ramp-up 3-11,false,,815,https://localhost:8443/ai/chat/,16
1780404781242,22,POST /ai/chat (sustained),429,Too Many Requests,3 - Sustained Ramp-up 3-11,false,,766,https://localhost:8443/ai/chat/,22
1780404781264,12,POST /ai/chat (sustained),429,Too Many Requests,3 - Sustained Ramp-up 3-11,false,,766,https://localhost:8443/ai/chat/,12
1780404781277,12,POST /ai/chat (sustained),429,Too Many Requests,3 - Sustained Ramp-up 3-11,false,,766,https://localhost:8443/ai/chat/,12
1780404781289,8,POST /ai/chat (sustained),429,Too Many Requests,3 - Sustained Ramp-up 3-11,false,,766,https://localhost:8443/ai/chat/,8
1780404781297,7,POST /ai/chat (sustained),429,Too Many Requests,3 - Sustained Ramp-up 3-11,false,,766,https://localhost:8443/ai/chat/,7
1780404781305,7,POST /ai/chat (sustained),429,Too Many Requests,3 - Sustained Ramp-up 3-11,false,,766,https://localhost:8443/ai/chat/,7
1780404781312,6,POST /ai/chat (sustained),429,Too Many Requests,3 - Sustained Ramp-up 3-11,false,,766,https://localhost:8443/ai/chat/,6
1780404781318,7,POST /ai/chat (sustained),429,Too Many Requests,3 - Sustained Ramp-up 3-11,false,,766,https://localhost:8443/ai/chat/,7
1780404781326,7,POST /ai/chat (sustained),429,Too Many Requests,3 - Sustained Ramp-up 3-11,false,,766,https://localhost:8443/ai/chat/,7
1780404781402,4,POST /ai/chat (sustained),429,Too Many Requests,3 - Sustained Ramp-up 3-11,false,,766,https://localhost:8443/ai/chat/,4
1780404781407,3,POST /ai/chat (sustained),429,Too Many Requests,3 - Sustained Ramp-up 3-11,false,,766,https://localhost:8443/ai/chat/,3
1780404781411,3,POST /ai/chat (sustained),429,Too Many Requests,3 - Sustained Ramp-up 3-11,false,,766,https://localhost:8443/ai/chat/,3
1780404781415,4,POST /ai/chat (sustained),429,Too Many Requests,3 - Sustained Ramp-up 3-11,false,,766,https://localhost:8443/ai/chat/,4
1780404781420,5,POST /ai/chat (sustained),429,Too Many Requests,3 - Sustained Ramp-up 3-11,false,,766,https://localhost:8443/ai/chat/,5
1780404784463,623,POST /ai/chat (sustained),429,Too Many Requests,3 - Sustained Ramp-up 3-12,false,,815,https://localhost:8443/ai/chat/,623
1780404785088,14,POST /ai/chat (sustained),429,Too Many Requests,3 - Sustained Ramp-up 3-12,false,,815,https://localhost:8443/ai/chat/,14
1780404785102,16,POST /ai/chat (sustained),429,Too Many Requests,3 - Sustained Ramp-up 3-12,false,,815,https://localhost:8443/ai/chat/,16
1780404785119,16,POST /ai/chat (sustained),429,Too Many Requests,3 - Sustained Ramp-up 3-12,false,,815,https://localhost:8443/ai/chat/,16
1780404785135,11,POST /ai/chat (sustained),429,Too Many Requests,3 - Sustained Ramp-up 3-12,false,,815,https://localhost:8443/ai/chat/,11
1780404785148,17,POST /ai/chat (sustained),429,Too Many Requests,3 - Sustained Ramp-up 3-12,false,,815,https://localhost:8443/ai/chat/,17
1780404785167,5,POST /ai/chat (sustained),429,Too Many Requests,3 - Sustained Ramp-up 3-12,false,,766,https://localhost:8443/ai/chat/,5
1780404785173,5,POST /ai/chat (sustained),429,Too Many Requests,3 - Sustained Ramp-up 3-12,false,,766,https://localhost:8443/ai/chat/,5
1780404785178,3,POST /ai/chat (sustained),429,Too Many Requests,3 - Sustained Ramp-up 3-12,false,,766,https://localhost:8443/ai/chat/,3
1780404785182,4,POST /ai/chat (sustained),429,Too Many Requests,3 - Sustained Ramp-up 3-12,false,,766,https://localhost:8443/ai/chat/,4
1780404785187,3,POST /ai/chat (sustained),429,Too Many Requests,3 - Sustained Ramp-up 3-12,false,,766,https://localhost:8443/ai/chat/,3
1780404785191,4,POST /ai/chat (sustained),429,Too Many Requests,3 - Sustained Ramp-up 3-12,false,,766,https://localhost:8443/ai/chat/,4
1780404785196,5,POST /ai/chat (sustained),429,Too Many Requests,3 - Sustained Ramp-up 3-12,false,,766,https://localhost:8443/ai/chat/,5
1780404785202,8,POST /ai/chat (sustained),429,Too Many Requests,3 - Sustained Ramp-up 3-12,false,,766,https://localhost:8443/ai/chat/,8
1780404785212,32,POST /ai/chat (sustained),429,Too Many Requests,3 - Sustained Ramp-up 3-12,false,,766,https://localhost:8443/ai/chat/,32
1780404785245,22,POST /ai/chat (sustained),429,Too Many Requests,3 - Sustained Ramp-up 3-12,false,,766,https://localhost:8443/ai/chat/,22
1780404785269,29,POST /ai/chat (sustained),429,Too Many Requests,3 - Sustained Ramp-up 3-12,false,,766,https://localhost:8443/ai/chat/,29
1780404785299,10,POST /ai/chat (sustained),429,Too Many Requests,3 - Sustained Ramp-up 3-12,false,,766,https://localhost:8443/ai/chat/,10
1780404785310,10,POST /ai/chat (sustained),429,Too Many Requests,3 - Sustained Ramp-up 3-12,false,,766,https://localhost:8443/ai/chat/,10
1780404785321,18,POST /ai/chat (sustained),429,Too Many Requests,3 - Sustained Ramp-up 3-12,false,,766,https://localhost:8443/ai/chat/,18
1780404788461,33,POST /ai/chat (sustained),429,Too Many Requests,3 - Sustained Ramp-up 3-13,false,,815,https://localhost:8443/ai/chat/,33
1780404788495,8,POST /ai/chat (sustained),429,Too Many Requests,3 - Sustained Ramp-up 3-13,false,,815,https://localhost:8443/ai/chat/,8
1780404788504,7,POST /ai/chat (sustained),429,Too Many Requests,3 - Sustained Ramp-up 3-13,false,,815,https://localhost:8443/ai/chat/,7
1780404788511,7,POST /ai/chat (sustained),429,Too Many Requests,3 - Sustained Ramp-up 3-13,false,,815,https://localhost:8443/ai/chat/,7
1780404788519,5,POST /ai/chat (sustained),429,Too Many Requests,3 - Sustained Ramp-up 3-13,false,,815,https://localhost:8443/ai/chat/,5
1780404788525,4,POST /ai/chat (sustained),429,Too Many Requests,3 - Sustained Ramp-up 3-13,false,,815,https://localhost:8443/ai/chat/,4
1780404788530,6,POST /ai/chat (sustained),429,Too Many Requests,3 - Sustained Ramp-up 3-13,false,,766,https://localhost:8443/ai/chat/,6
1780404788537,3,POST /ai/chat (sustained),429,Too Many Requests,3 - Sustained Ramp-up 3-13,false,,766,https://localhost:8443/ai/chat/,3
1780404788540,4,POST /ai/chat (sustained),429,Too Many Requests,3 - Sustained Ramp-up 3-13,false,,766,https://localhost:8443/ai/chat/,3
1780404788544,5,POST /ai/chat (sustained),429,Too Many Requests,3 - Sustained Ramp-up 3-13,false,,766,https://localhost:8443/ai/chat/,5
1780404788549,3,POST /ai/chat (sustained),429,Too Many Requests,3 - Sustained Ramp-up 3-13,false,,766,https://localhost:8443/ai/chat/,3
1780404788552,2,POST /ai/chat (sustained),429,Too Many Requests,3 - Sustained Ramp-up 3-13,false,,766,https://localhost:8443/ai/chat/,2
1780404788555,3,POST /ai/chat (sustained),429,Too Many Requests,3 - Sustained Ramp-up 3-13,false,,766,https://localhost:8443/ai/chat/,3
1780404788559,3,POST /ai/chat (sustained),429,Too Many Requests,3 - Sustained Ramp-up 3-13,false,,766,https://localhost:8443/ai/chat/,3
1780404788562,2,POST /ai/chat (sustained),429,Too Many Requests,3 - Sustained Ramp-up 3-13,false,,766,https://localhost:8443/ai/chat/,2
1780404788565,2,POST /ai/chat (sustained),429,Too Many Requests,3 - Sustained Ramp-up 3-13,false,,766,https://localhost:8443/ai/chat/,2
1780404788568,3,POST /ai/chat (sustained),429,Too Many Requests,3 - Sustained Ramp-up 3-13,false,,766,https://localhost:8443/ai/chat/,3
1780404788571,3,POST /ai/chat (sustained),429,Too Many Requests,3 - Sustained Ramp-up 3-13,false,,766,https://localhost:8443/ai/chat/,3
1780404788575,2,POST /ai/chat (sustained),429,Too Many Requests,3 - Sustained Ramp-up 3-13,false,,766,https://localhost:8443/ai/chat/,2
1780404788577,3,POST /ai/chat (sustained),429,Too Many Requests,3 - Sustained Ramp-up 3-13,false,,766,https://localhost:8443/ai/chat/,3
1780404792476,305,POST /ai/chat (sustained),429,Too Many Requests,3 - Sustained Ramp-up 3-14,false,,815,https://localhost:8443/ai/chat/,305
1780404792782,30,POST /ai/chat (sustained),429,Too Many Requests,3 - Sustained Ramp-up 3-14,false,,815,https://localhost:8443/ai/chat/,30
1780404792813,28,POST /ai/chat (sustained),429,Too Many Requests,3 - Sustained Ramp-up 3-14,false,,815,https://localhost:8443/ai/chat/,28
1780404792842,18,POST /ai/chat (sustained),429,Too Many Requests,3 - Sustained Ramp-up 3-14,false,,815,https://localhost:8443/ai/chat/,18
1780404792861,237,POST /ai/chat (sustained),429,Too Many Requests,3 - Sustained Ramp-up 3-14,false,,815,https://localhost:8443/ai/chat/,237
1780404793098,13,POST /ai/chat (sustained),429,Too Many Requests,3 - Sustained Ramp-up 3-14,false,,815,https://localhost:8443/ai/chat/,13
1780404793111,104,POST /ai/chat (sustained),429,Too Many Requests,3 - Sustained Ramp-up 3-14,false,,766,https://localhost:8443/ai/chat/,104
1780404793973,13,POST /ai/chat (sustained),429,Too Many Requests,3 - Sustained Ramp-up 3-14,false,,815,https://localhost:8443/ai/chat/,13
1780404793987,10,POST /ai/chat (sustained),429,Too Many Requests,3 - Sustained Ramp-up 3-14,false,,815,https://localhost:8443/ai/chat/,10
1780404793997,5,POST /ai/chat (sustained),429,Too Many Requests,3 - Sustained Ramp-up 3-14,false,,766,https://localhost:8443/ai/chat/,5
1780404794002,5,POST /ai/chat (sustained),429,Too Many Requests,3 - Sustained Ramp-up 3-14,false,,766,https://localhost:8443/ai/chat/,5
1780404794007,4,POST /ai/chat (sustained),429,Too Many Requests,3 - Sustained Ramp-up 3-14,false,,766,https://localhost:8443/ai/chat/,4
1780404794011,4,POST /ai/chat (sustained),429,Too Many Requests,3 - Sustained Ramp-up 3-14,false,,766,https://localhost:8443/ai/chat/,4
1780404794016,5,POST /ai/chat (sustained),429,Too Many Requests,3 - Sustained Ramp-up 3-14,false,,766,https://localhost:8443/ai/chat/,5
1780404794022,5,POST /ai/chat (sustained),429,Too Many Requests,3 - Sustained Ramp-up 3-14,false,,766,https://localhost:8443/ai/chat/,5
1780404794027,4,POST /ai/chat (sustained),429,Too Many Requests,3 - Sustained Ramp-up 3-14,false,,766,https://localhost:8443/ai/chat/,4
1780404794031,4,POST /ai/chat (sustained),429,Too Many Requests,3 - Sustained Ramp-up 3-14,false,,766,https://localhost:8443/ai/chat/,4
1780404794036,4,POST /ai/chat (sustained),429,Too Many Requests,3 - Sustained Ramp-up 3-14,false,,766,https://localhost:8443/ai/chat/,4
1780404794040,3,POST /ai/chat (sustained),429,Too Many Requests,3 - Sustained Ramp-up 3-14,false,,766,https://localhost:8443/ai/chat/,3
1780404794044,6,POST /ai/chat (sustained),429,Too Many Requests,3 - Sustained Ramp-up 3-14,false,,766,https://localhost:8443/ai/chat/,6
1780404796484,108,POST /ai/chat (sustained),429,Too Many Requests,3 - Sustained Ramp-up 3-15,false,,815,https://localhost:8443/ai/chat/,108
1780404796592,9,POST /ai/chat (sustained),429,Too Many Requests,3 - Sustained Ramp-up 3-15,false,,815,https://localhost:8443/ai/chat/,9
1780404796601,8,POST /ai/chat (sustained),429,Too Many Requests,3 - Sustained Ramp-up 3-15,false,,815,https://localhost:8443/ai/chat/,8
1780404796610,9,POST /ai/chat (sustained),429,Too Many Requests,3 - Sustained Ramp-up 3-15,false,,815,https://localhost:8443/ai/chat/,9
1780404796620,10,POST /ai/chat (sustained),429,Too Many Requests,3 - Sustained Ramp-up 3-15,false,,815,https://localhost:8443/ai/chat/,10
1780404796630,7,POST /ai/chat (sustained),429,Too Many Requests,3 - Sustained Ramp-up 3-15,false,,766,https://localhost:8443/ai/chat/,7
1780404796637,4,POST /ai/chat (sustained),429,Too Many Requests,3 - Sustained Ramp-up 3-15,false,,766,https://localhost:8443/ai/chat/,4
1780404796641,3,POST /ai/chat (sustained),429,Too Many Requests,3 - Sustained Ramp-up 3-15,false,,766,https://localhost:8443/ai/chat/,3
1780404796644,3,POST /ai/chat (sustained),429,Too Many Requests,3 - Sustained Ramp-up 3-15,false,,766,https://localhost:8443/ai/chat/,3
1780404796648,3,POST /ai/chat (sustained),429,Too Many Requests,3 - Sustained Ramp-up 3-15,false,,766,https://localhost:8443/ai/chat/,3
1780404796651,15,POST /ai/chat (sustained),429,Too Many Requests,3 - Sustained Ramp-up 3-15,false,,766,https://localhost:8443/ai/chat/,15
1780404796667,17,POST /ai/chat (sustained),429,Too Many Requests,3 - Sustained Ramp-up 3-15,false,,766,https://localhost:8443/ai/chat/,17
1780404796684,14,POST /ai/chat (sustained),429,Too Many Requests,3 - Sustained Ramp-up 3-15,false,,766,https://localhost:8443/ai/chat/,14
1780404796699,12,POST /ai/chat (sustained),429,Too Many Requests,3 - Sustained Ramp-up 3-15,false,,766,https://localhost:8443/ai/chat/,12
1780404796712,12,POST /ai/chat (sustained),429,Too Many Requests,3 - Sustained Ramp-up 3-15,false,,766,https://localhost:8443/ai/chat/,12
1780404796724,9,POST /ai/chat (sustained),429,Too Many Requests,3 - Sustained Ramp-up 3-15,false,,766,https://localhost:8443/ai/chat/,9
1780404796734,12,POST /ai/chat (sustained),429,Too Many Requests,3 - Sustained Ramp-up 3-15,false,,766,https://localhost:8443/ai/chat/,11
1780404796746,11,POST /ai/chat (sustained),429,Too Many Requests,3 - Sustained Ramp-up 3-15,false,,766,https://localhost:8443/ai/chat/,11
1780404797075,110,POST /ai/chat (sustained),429,Too Many Requests,3 - Sustained Ramp-up 3-15,false,,815,https://localhost:8443/ai/chat/,110
1780404797186,122,POST /ai/chat (sustained),429,Too Many Requests,3 - Sustained Ramp-up 3-15,false,,766,https://localhost:8443/ai/chat/,122
1780405223947,65,POST /ai/chat (sustained),429,Too Many Requests,3 - Sustained Ramp-up 3-1,false,,766,https://localhost:8443/ai/chat/,65
1780405224013,11,POST /ai/chat (sustained),429,Too Many Requests,3 - Sustained Ramp-up 3-1,false,,766,https://localhost:8443/ai/chat/,11
1780405224025,8,POST /ai/chat (sustained),429,Too Many Requests,3 - Sustained Ramp-up 3-1,false,,766,https://localhost:8443/ai/chat/,8
1780405224034,11,POST /ai/chat (sustained),429,Too Many Requests,3 - Sustained Ramp-up 3-1,false,,766,https://localhost:8443/ai/chat/,11
1780405224046,14,POST /ai/chat (sustained),429,Too Many Requests,3 - Sustained Ramp-up 3-1,false,,766,https://localhost:8443/ai/chat/,14
1780405224060,3,POST /ai/chat (sustained),429,Too Many Requests,3 - Sustained Ramp-up 3-1,false,,766,https://localhost:8443/ai/chat/,3
1780405224064,3,POST /ai/chat (sustained),429,Too Many Requests,3 - Sustained Ramp-up 3-1,false,,766,https://localhost:8443/ai/chat/,3
1780405224068,4,POST /ai/chat (sustained),429,Too Many Requests,3 - Sustained Ramp-up 3-1,false,,766,https://localhost:8443/ai/chat/,4
1780405224073,3,POST /ai/chat (sustained),429,Too Many Requests,3 - Sustained Ramp-up 3-1,false,,766,https://localhost:8443/ai/chat/,3
1780405224076,3,POST /ai/chat (sustained),429,Too Many Requests,3 - Sustained Ramp-up 3-1,false,,766,https://localhost:8443/ai/chat/,3
1780405224079,3,POST /ai/chat (sustained),429,Too Many Requests,3 - Sustained Ramp-up 3-1,false,,766,https://localhost:8443/ai/chat/,3
1780405224082,3,POST /ai/chat (sustained),429,Too Many Requests,3 - Sustained Ramp-up 3-1,false,,766,https://localhost:8443/ai/chat/,3
1780405224086,3,POST /ai/chat (sustained),429,Too Many Requests,3 - Sustained Ramp-up 3-1,false,,766,https://localhost:8443/ai/chat/,3
1780405224090,2,POST /ai/chat (sustained),429,Too Many Requests,3 - Sustained Ramp-up 3-1,false,,766,https://localhost:8443/ai/chat/,2
1780405224092,4,POST /ai/chat (sustained),429,Too Many Requests,3 - Sustained Ramp-up 3-1,false,,766,https://localhost:8443/ai/chat/,4
1780405224096,2,POST /ai/chat (sustained),429,Too Many Requests,3 - Sustained Ramp-up 3-1,false,,766,https://localhost:8443/ai/chat/,2
1780405224099,3,POST /ai/chat (sustained),429,Too Many Requests,3 - Sustained Ramp-up 3-1,false,,766,https://localhost:8443/ai/chat/,3
1780405224102,5,POST /ai/chat (sustained),429,Too Many Requests,3 - Sustained Ramp-up 3-1,false,,766,https://localhost:8443/ai/chat/,5
1780405224107,3,POST /ai/chat (sustained),429,Too Many Requests,3 - Sustained Ramp-up 3-1,false,,766,https://localhost:8443/ai/chat/,3
1780405224111,2,POST /ai/chat (sustained),429,Too Many Requests,3 - Sustained Ramp-up 3-1,false,,766,https://localhost:8443/ai/chat/,2
1780405231892,133,POST /ai/chat (sustained),429,Too Many Requests,3 - Sustained Ramp-up 3-3,false,,815,https://localhost:8443/ai/chat/,133
1780405232025,45,POST /ai/chat (sustained),429,Too Many Requests,3 - Sustained Ramp-up 3-3,false,,815,https://localhost:8443/ai/chat/,45
1780405232071,68,POST /ai/chat (sustained),429,Too Many Requests,3 - Sustained Ramp-up 3-3,false,,815,https://localhost:8443/ai/chat/,68
1780405232139,29,POST /ai/chat (sustained),429,Too Many Requests,3 - Sustained Ramp-up 3-3,false,,815,https://localhost:8443/ai/chat/,29
1780405232168,19,POST /ai/chat (sustained),429,Too Many Requests,3 - Sustained Ramp-up 3-3,false,,815,https://localhost:8443/ai/chat/,19
1780405232201,39,POST /ai/chat (sustained),429,Too Many Requests,3 - Sustained Ramp-up 3-3,false,,815,https://localhost:8443/ai/chat/,39
1780405232241,48,POST /ai/chat (sustained),429,Too Many Requests,3 - Sustained Ramp-up 3-3,false,,766,https://localhost:8443/ai/chat/,48
1780405232289,18,POST /ai/chat (sustained),429,Too Many Requests,3 - Sustained Ramp-up 3-3,false,,766,https://localhost:8443/ai/chat/,18
1780405232308,12,POST /ai/chat (sustained),429,Too Many Requests,3 - Sustained Ramp-up 3-3,false,,766,https://localhost:8443/ai/chat/,12
1780405232321,6,POST /ai/chat (sustained),429,Too Many Requests,3 - Sustained Ramp-up 3-3,false,,766,https://localhost:8443/ai/chat/,6
1780405232327,7,POST /ai/chat (sustained),429,Too Many Requests,3 - Sustained Ramp-up 3-3,false,,766,https://localhost:8443/ai/chat/,7
1780405232335,6,POST /ai/chat (sustained),429,Too Many Requests,3 - Sustained Ramp-up 3-3,false,,766,https://localhost:8443/ai/chat/,6
1780405232341,6,POST /ai/chat (sustained),429,Too Many Requests,3 - Sustained Ramp-up 3-3,false,,766,https://localhost:8443/ai/chat/,6
1780405232347,3,POST /ai/chat (sustained),429,Too Many Requests,3 - Sustained Ramp-up 3-3,false,,766,https://localhost:8443/ai/chat/,3
1780405232350,5,POST /ai/chat (sustained),429,Too Many Requests,3 - Sustained Ramp-up 3-3,false,,766,https://localhost:8443/ai/chat/,5
1780405232355,2,POST /ai/chat (sustained),429,Too Many Requests,3 - Sustained Ramp-up 3-3,false,,766,https://localhost:8443/ai/chat/,2
1780405232357,2,POST /ai/chat (sustained),429,Too Many Requests,3 - Sustained Ramp-up 3-3,false,,766,https://localhost:8443/ai/chat/,2
1780405232360,1,POST /ai/chat (sustained),429,Too Many Requests,3 - Sustained Ramp-up 3-3,false,,766,https://localhost:8443/ai/chat/,1
1780405232362,2,POST /ai/chat (sustained),429,Too Many Requests,3 - Sustained Ramp-up 3-3,false,,766,https://localhost:8443/ai/chat/,2
1780405232365,2,POST /ai/chat (sustained),429,Too Many Requests,3 - Sustained Ramp-up 3-3,false,,766,https://localhost:8443/ai/chat/,2
1780405235947,77,POST /ai/chat (sustained),429,Too Many Requests,3 - Sustained Ramp-up 3-4,false,,815,https://localhost:8443/ai/chat/,77
1780405236024,14,POST /ai/chat (sustained),429,Too Many Requests,3 - Sustained Ramp-up 3-4,false,,815,https://localhost:8443/ai/chat/,14
1780405236038,8,POST /ai/chat (sustained),429,Too Many Requests,3 - Sustained Ramp-up 3-4,false,,815,https://localhost:8443/ai/chat/,8
1780405236047,17,POST /ai/chat (sustained),429,Too Many Requests,3 - Sustained Ramp-up 3-4,false,,815,https://localhost:8443/ai/chat/,17
1780405236064,6,POST /ai/chat (sustained),429,Too Many Requests,3 - Sustained Ramp-up 3-4,false,,815,https://localhost:8443/ai/chat/,6
1780405236071,6,POST /ai/chat (sustained),429,Too Many Requests,3 - Sustained Ramp-up 3-4,false,,815,https://localhost:8443/ai/chat/,5
1780405236077,2,POST /ai/chat (sustained),429,Too Many Requests,3 - Sustained Ramp-up 3-4,false,,766,https://localhost:8443/ai/chat/,2
1780405236079,4,POST /ai/chat (sustained),429,Too Many Requests,3 - Sustained Ramp-up 3-4,false,,766,https://localhost:8443/ai/chat/,4
1780405236083,3,POST /ai/chat (sustained),429,Too Many Requests,3 - Sustained Ramp-up 3-4,false,,766,https://localhost:8443/ai/chat/,3
1780405236087,6,POST /ai/chat (sustained),429,Too Many Requests,3 - Sustained Ramp-up 3-4,false,,766,https://localhost:8443/ai/chat/,6
1780405236093,7,POST /ai/chat (sustained),429,Too Many Requests,3 - Sustained Ramp-up 3-4,false,,766,https://localhost:8443/ai/chat/,7
1780405236102,3,POST /ai/chat (sustained),429,Too Many Requests,3 - Sustained Ramp-up 3-4,false,,766,https://localhost:8443/ai/chat/,3
1780405236105,2,POST /ai/chat (sustained),429,Too Many Requests,3 - Sustained Ramp-up 3-4,false,,766,https://localhost:8443/ai/chat/,2
1780405236108,2,POST /ai/chat (sustained),429,Too Many Requests,3 - Sustained Ramp-up 3-4,false,,766,https://localhost:8443/ai/chat/,2
1780405236111,2,POST /ai/chat (sustained),429,Too Many Requests,3 - Sustained Ramp-up 3-4,false,,766,https://localhost:8443/ai/chat/,2
1780405236113,1,POST /ai/chat (sustained),429,Too Many Requests,3 - Sustained Ramp-up 3-4,false,,766,https://localhost:8443/ai/chat/,1
1780405236115,2,POST /ai/chat (sustained),429,Too Many Requests,3 - Sustained Ramp-up 3-4,false,,766,https://localhost:8443/ai/chat/,2
1780405236118,2,POST /ai/chat (sustained),429,Too Many Requests,3 - Sustained Ramp-up 3-4,false,,766,https://localhost:8443/ai/chat/,2
1780405236121,3,POST /ai/chat (sustained),429,Too Many Requests,3 - Sustained Ramp-up 3-4,false,,766,https://localhost:8443/ai/chat/,3
1780405236124,3,POST /ai/chat (sustained),429,Too Many Requests,3 - Sustained Ramp-up 3-4,false,,766,https://localhost:8443/ai/chat/,3
1780405239891,10,POST /ai/chat (sustained),429,Too Many Requests,3 - Sustained Ramp-up 3-5,false,,766,https://localhost:8443/ai/chat/,10
1780405239901,2,POST /ai/chat (sustained),429,Too Many Requests,3 - Sustained Ramp-up 3-5,false,,766,https://localhost:8443/ai/chat/,2
1780405239903,2,POST /ai/chat (sustained),429,Too Many Requests,3 - Sustained Ramp-up 3-5,false,,766,https://localhost:8443/ai/chat/,2
1780405239905,1,POST /ai/chat (sustained),429,Too Many Requests,3 - Sustained Ramp-up 3-5,false,,766,https://localhost:8443/ai/chat/,1
1780405239907,2,POST /ai/chat (sustained),429,Too Many Requests,3 - Sustained Ramp-up 3-5,false,,766,https://localhost:8443/ai/chat/,2
1780405239909,3,POST /ai/chat (sustained),429,Too Many Requests,3 - Sustained Ramp-up 3-5,false,,766,https://localhost:8443/ai/chat/,3
1780405239912,4,POST /ai/chat (sustained),429,Too Many Requests,3 - Sustained Ramp-up 3-5,false,,766,https://localhost:8443/ai/chat/,4
1780405239916,3,POST /ai/chat (sustained),429,Too Many Requests,3 - Sustained Ramp-up 3-5,false,,766,https://localhost:8443/ai/chat/,3
1780405239920,2,POST /ai/chat (sustained),429,Too Many Requests,3 - Sustained Ramp-up 3-5,false,,766,https://localhost:8443/ai/chat/,2
1780405239923,6,POST /ai/chat (sustained),429,Too Many Requests,3 - Sustained Ramp-up 3-5,false,,766,https://localhost:8443/ai/chat/,6
1780405239929,5,POST /ai/chat (sustained),429,Too Many Requests,3 - Sustained Ramp-up 3-5,false,,766,https://localhost:8443/ai/chat/,5
1780405239934,6,POST /ai/chat (sustained),429,Too Many Requests,3 - Sustained Ramp-up 3-5,false,,766,https://localhost:8443/ai/chat/,6
1780405239940,2,POST /ai/chat (sustained),429,Too Many Requests,3 - Sustained Ramp-up 3-5,false,,766,https://localhost:8443/ai/chat/,2
1780405239942,1,POST /ai/chat (sustained),429,Too Many Requests,3 - Sustained Ramp-up 3-5,false,,766,https://localhost:8443/ai/chat/,1
1780405239943,2,POST /ai/chat (sustained),429,Too Many Requests,3 - Sustained Ramp-up 3-5,false,,766,https://localhost:8443/ai/chat/,2
1780405239945,2,POST /ai/chat (sustained),429,Too Many Requests,3 - Sustained Ramp-up 3-5,false,,766,https://localhost:8443/ai/chat/,2
1780405239947,4,POST /ai/chat (sustained),429,Too Many Requests,3 - Sustained Ramp-up 3-5,false,,766,https://localhost:8443/ai/chat/,4
1780405239952,2,POST /ai/chat (sustained),429,Too Many Requests,3 - Sustained Ramp-up 3-5,false,,766,https://localhost:8443/ai/chat/,2
1780405239955,2,POST /ai/chat (sustained),429,Too Many Requests,3 - Sustained Ramp-up 3-5,false,,766,https://localhost:8443/ai/chat/,2
1780405239957,1,POST /ai/chat (sustained),429,Too Many Requests,3 - Sustained Ramp-up 3-5,false,,766,https://localhost:8443/ai/chat/,1
1780405227946,12670,POST /ai/chat (sustained),200,OK,3 - Sustained Ramp-up 3-2,true,,1198,https://localhost:8443/ai/chat/,12670
1780405240617,10,POST /ai/chat (sustained),429,Too Many Requests,3 - Sustained Ramp-up 3-2,false,,815,https://localhost:8443/ai/chat/,10
1780405240628,3,POST /ai/chat (sustained),429,Too Many Requests,3 - Sustained Ramp-up 3-2,false,,766,https://localhost:8443/ai/chat/,3
1780405240632,4,POST /ai/chat (sustained),429,Too Many Requests,3 - Sustained Ramp-up 3-2,false,,766,https://localhost:8443/ai/chat/,4
1780405240637,4,POST /ai/chat (sustained),429,Too Many Requests,3 - Sustained Ramp-up 3-2,false,,766,https://localhost:8443/ai/chat/,4
1780405240641,4,POST /ai/chat (sustained),429,Too Many Requests,3 - Sustained Ramp-up 3-2,false,,766,https://localhost:8443/ai/chat/,4
1780405240646,3,POST /ai/chat (sustained),429,Too Many Requests,3 - Sustained Ramp-up 3-2,false,,766,https://localhost:8443/ai/chat/,3
1780405240649,3,POST /ai/chat (sustained),429,Too Many Requests,3 - Sustained Ramp-up 3-2,false,,766,https://localhost:8443/ai/chat/,3
1780405240653,2,POST /ai/chat (sustained),429,Too Many Requests,3 - Sustained Ramp-up 3-2,false,,766,https://localhost:8443/ai/chat/,2
1780405240656,2,POST /ai/chat (sustained),429,Too Many Requests,3 - Sustained Ramp-up 3-2,false,,766,https://localhost:8443/ai/chat/,2
1780405240658,2,POST /ai/chat (sustained),429,Too Many Requests,3 - Sustained Ramp-up 3-2,false,,766,https://localhost:8443/ai/chat/,2
1780405240660,1,POST /ai/chat (sustained),429,Too Many Requests,3 - Sustained Ramp-up 3-2,false,,766,https://localhost:8443/ai/chat/,1
1780405240661,2,POST /ai/chat (sustained),429,Too Many Requests,3 - Sustained Ramp-up 3-2,false,,766,https://localhost:8443/ai/chat/,2
1780405240663,3,POST /ai/chat (sustained),429,Too Many Requests,3 - Sustained Ramp-up 3-2,false,,766,https://localhost:8443/ai/chat/,3
1780405240667,2,POST /ai/chat (sustained),429,Too Many Requests,3 - Sustained Ramp-up 3-2,false,,766,https://localhost:8443/ai/chat/,2
1780405240669,2,POST /ai/chat (sustained),429,Too Many Requests,3 - Sustained Ramp-up 3-2,false,,766,https://localhost:8443/ai/chat/,2
1780405240671,1,POST /ai/chat (sustained),429,Too Many Requests,3 - Sustained Ramp-up 3-2,false,,766,https://localhost:8443/ai/chat/,1
1780405240673,2,POST /ai/chat (sustained),429,Too Many Requests,3 - Sustained Ramp-up 3-2,false,,766,https://localhost:8443/ai/chat/,2
1780405240675,3,POST /ai/chat (sustained),429,Too Many Requests,3 - Sustained Ramp-up 3-2,false,,766,https://localhost:8443/ai/chat/,3
1780405240678,2,POST /ai/chat (sustained),429,Too Many Requests,3 - Sustained Ramp-up 3-2,false,,766,https://localhost:8443/ai/chat/,2
1780405243946,26,POST /ai/chat (sustained),429,Too Many Requests,3 - Sustained Ramp-up 3-6,false,,815,https://localhost:8443/ai/chat/,26
1780405243972,4,POST /ai/chat (sustained),429,Too Many Requests,3 - Sustained Ramp-up 3-6,false,,815,https://localhost:8443/ai/chat/,4
1780405243977,4,POST /ai/chat (sustained),429,Too Many Requests,3 - Sustained Ramp-up 3-6,false,,815,https://localhost:8443/ai/chat/,4
1780405243981,5,POST /ai/chat (sustained),429,Too Many Requests,3 - Sustained Ramp-up 3-6,false,,815,https://localhost:8443/ai/chat/,5
1780405243986,5,POST /ai/chat (sustained),429,Too Many Requests,3 - Sustained Ramp-up 3-6,false,,815,https://localhost:8443/ai/chat/,5
1780405243991,4,POST /ai/chat (sustained),429,Too Many Requests,3 - Sustained Ramp-up 3-6,false,,815,https://localhost:8443/ai/chat/,4
1780405243995,5,POST /ai/chat (sustained),429,Too Many Requests,3 - Sustained Ramp-up 3-6,false,,766,https://localhost:8443/ai/chat/,5
1780405244000,4,POST /ai/chat (sustained),429,Too Many Requests,3 - Sustained Ramp-up 3-6,false,,766,https://localhost:8443/ai/chat/,4
1780405244005,3,POST /ai/chat (sustained),429,Too Many Requests,3 - Sustained Ramp-up 3-6,false,,766,https://localhost:8443/ai/chat/,3
1780405244008,2,POST /ai/chat (sustained),429,Too Many Requests,3 - Sustained Ramp-up 3-6,false,,766,https://localhost:8443/ai/chat/,2
1780405244010,2,POST /ai/chat (sustained),429,Too Many Requests,3 - Sustained Ramp-up 3-6,false,,766,https://localhost:8443/ai/chat/,2
1780405244012,2,POST /ai/chat (sustained),429,Too Many Requests,3 - Sustained Ramp-up 3-6,false,,766,https://localhost:8443/ai/chat/,2
1780405244014,3,POST /ai/chat (sustained),429,Too Many Requests,3 - Sustained Ramp-up 3-6,false,,766,https://localhost:8443/ai/chat/,3
1780405244017,2,POST /ai/chat (sustained),429,Too Many Requests,3 - Sustained Ramp-up 3-6,false,,766,https://localhost:8443/ai/chat/,2
1780405244019,3,POST /ai/chat (sustained),429,Too Many Requests,3 - Sustained Ramp-up 3-6,false,,766,https://localhost:8443/ai/chat/,3
1780405244022,3,POST /ai/chat (sustained),429,Too Many Requests,3 - Sustained Ramp-up 3-6,false,,766,https://localhost:8443/ai/chat/,3
1780405244025,2,POST /ai/chat (sustained),429,Too Many Requests,3 - Sustained Ramp-up 3-6,false,,766,https://localhost:8443/ai/chat/,2
1780405244027,4,POST /ai/chat (sustained),429,Too Many Requests,3 - Sustained Ramp-up 3-6,false,,766,https://localhost:8443/ai/chat/,4
1780405244031,3,POST /ai/chat (sustained),429,Too Many Requests,3 - Sustained Ramp-up 3-6,false,,766,https://localhost:8443/ai/chat/,3
1780405244035,2,POST /ai/chat (sustained),429,Too Many Requests,3 - Sustained Ramp-up 3-6,false,,766,https://localhost:8443/ai/chat/,2
1780405247906,36,POST /ai/chat (sustained),429,Too Many Requests,3 - Sustained Ramp-up 3-7,false,,815,https://localhost:8443/ai/chat/,36
1780405247942,8,POST /ai/chat (sustained),429,Too Many Requests,3 - Sustained Ramp-up 3-7,false,,815,https://localhost:8443/ai/chat/,8
1780405247951,6,POST /ai/chat (sustained),429,Too Many Requests,3 - Sustained Ramp-up 3-7,false,,815,https://localhost:8443/ai/chat/,6
1780405247957,5,POST /ai/chat (sustained),429,Too Many Requests,3 - Sustained Ramp-up 3-7,false,,815,https://localhost:8443/ai/chat/,5
1780405247963,8,POST /ai/chat (sustained),429,Too Many Requests,3 - Sustained Ramp-up 3-7,false,,815,https://localhost:8443/ai/chat/,8
1780405247972,7,POST /ai/chat (sustained),429,Too Many Requests,3 - Sustained Ramp-up 3-7,false,,815,https://localhost:8443/ai/chat/,7
1780405247980,2,POST /ai/chat (sustained),429,Too Many Requests,3 - Sustained Ramp-up 3-7,false,,766,https://localhost:8443/ai/chat/,2
1780405247983,2,POST /ai/chat (sustained),429,Too Many Requests,3 - Sustained Ramp-up 3-7,false,,766,https://localhost:8443/ai/chat/,2
1780405247986,3,POST /ai/chat (sustained),429,Too Many Requests,3 - Sustained Ramp-up 3-7,false,,766,https://localhost:8443/ai/chat/,3
1780405247989,3,POST /ai/chat (sustained),429,Too Many Requests,3 - Sustained Ramp-up 3-7,false,,766,https://localhost:8443/ai/chat/,3
1780405247993,4,POST /ai/chat (sustained),429,Too Many Requests,3 - Sustained Ramp-up 3-7,false,,766,https://localhost:8443/ai/chat/,4
1780405247997,6,POST /ai/chat (sustained),429,Too Many Requests,3 - Sustained Ramp-up 3-7,false,,766,https://localhost:8443/ai/chat/,6
1780405248003,3,POST /ai/chat (sustained),429,Too Many Requests,3 - Sustained Ramp-up 3-7,false,,766,https://localhost:8443/ai/chat/,3
1780405248006,4,POST /ai/chat (sustained),429,Too Many Requests,3 - Sustained Ramp-up 3-7,false,,766,https://localhost:8443/ai/chat/,4
1780405248010,3,POST /ai/chat (sustained),429,Too Many Requests,3 - Sustained Ramp-up 3-7,false,,766,https://localhost:8443/ai/chat/,3
1780405248014,2,POST /ai/chat (sustained),429,Too Many Requests,3 - Sustained Ramp-up 3-7,false,,766,https://localhost:8443/ai/chat/,2
1780405248017,3,POST /ai/chat (sustained),429,Too Many Requests,3 - Sustained Ramp-up 3-7,false,,766,https://localhost:8443/ai/chat/,3
1780405248020,3,POST /ai/chat (sustained),429,Too Many Requests,3 - Sustained Ramp-up 3-7,false,,766,https://localhost:8443/ai/chat/,3
1780405248024,3,POST /ai/chat (sustained),429,Too Many Requests,3 - Sustained Ramp-up 3-7,false,,766,https://localhost:8443/ai/chat/,3
1780405248027,2,POST /ai/chat (sustained),429,Too Many Requests,3 - Sustained Ramp-up 3-7,false,,766,https://localhost:8443/ai/chat/,2
1780405251971,40,POST /ai/chat (sustained),429,Too Many Requests,3 - Sustained Ramp-up 3-8,false,,815,https://localhost:8443/ai/chat/,40
1780405252012,11,POST /ai/chat (sustained),429,Too Many Requests,3 - Sustained Ramp-up 3-8,false,,815,https://localhost:8443/ai/chat/,11
1780405252024,4,POST /ai/chat (sustained),429,Too Many Requests,3 - Sustained Ramp-up 3-8,false,,815,https://localhost:8443/ai/chat/,4
1780405252028,6,POST /ai/chat (sustained),429,Too Many Requests,3 - Sustained Ramp-up 3-8,false,,815,https://localhost:8443/ai/chat/,6
1780405252034,5,POST /ai/chat (sustained),429,Too Many Requests,3 - Sustained Ramp-up 3-8,false,,815,https://localhost:8443/ai/chat/,5
1780405252039,4,POST /ai/chat (sustained),429,Too Many Requests,3 - Sustained Ramp-up 3-8,false,,815,https://localhost:8443/ai/chat/,4
1780405252043,1,POST /ai/chat (sustained),429,Too Many Requests,3 - Sustained Ramp-up 3-8,false,,766,https://localhost:8443/ai/chat/,1
1780405252045,2,POST /ai/chat (sustained),429,Too Many Requests,3 - Sustained Ramp-up 3-8,false,,766,https://localhost:8443/ai/chat/,2
1780405252047,3,POST /ai/chat (sustained),429,Too Many Requests,3 - Sustained Ramp-up 3-8,false,,766,https://localhost:8443/ai/chat/,3
1780405252051,2,POST /ai/chat (sustained),429,Too Many Requests,3 - Sustained Ramp-up 3-8,false,,766,https://localhost:8443/ai/chat/,2
1780405252053,1,POST /ai/chat (sustained),429,Too Many Requests,3 - Sustained Ramp-up 3-8,false,,766,https://localhost:8443/ai/chat/,1
1780405252055,1,POST /ai/chat (sustained),429,Too Many Requests,3 - Sustained Ramp-up 3-8,false,,766,https://localhost:8443/ai/chat/,1
1780405252057,1,POST /ai/chat (sustained),429,Too Many Requests,3 - Sustained Ramp-up 3-8,false,,766,https://localhost:8443/ai/chat/,1
1780405252058,2,POST /ai/chat (sustained),429,Too Many Requests,3 - Sustained Ramp-up 3-8,false,,766,https://localhost:8443/ai/chat/,2
1780405252060,1,POST /ai/chat (sustained),429,Too Many Requests,3 - Sustained Ramp-up 3-8,false,,766,https://localhost:8443/ai/chat/,1
1780405252061,2,POST /ai/chat (sustained),429,Too Many Requests,3 - Sustained Ramp-up 3-8,false,,766,https://localhost:8443/ai/chat/,2
1780405252064,3,POST /ai/chat (sustained),429,Too Many Requests,3 - Sustained Ramp-up 3-8,false,,766,https://localhost:8443/ai/chat/,3
1780405252068,2,POST /ai/chat (sustained),429,Too Many Requests,3 - Sustained Ramp-up 3-8,false,,766,https://localhost:8443/ai/chat/,2
1780405252071,1,POST /ai/chat (sustained),429,Too Many Requests,3 - Sustained Ramp-up 3-8,false,,766,https://localhost:8443/ai/chat/,1
1780405252073,1,POST /ai/chat (sustained),429,Too Many Requests,3 - Sustained Ramp-up 3-8,false,,766,https://localhost:8443/ai/chat/,1
1780405255949,31,POST /ai/chat (sustained),429,Too Many Requests,3 - Sustained Ramp-up 3-9,false,,815,https://localhost:8443/ai/chat/,31
1780405255980,4,POST /ai/chat (sustained),429,Too Many Requests,3 - Sustained Ramp-up 3-9,false,,815,https://localhost:8443/ai/chat/,4
1780405255984,4,POST /ai/chat (sustained),429,Too Many Requests,3 - Sustained Ramp-up 3-9,false,,815,https://localhost:8443/ai/chat/,4
1780405255988,4,POST /ai/chat (sustained),429,Too Many Requests,3 - Sustained Ramp-up 3-9,false,,815,https://localhost:8443/ai/chat/,4
1780405255992,5,POST /ai/chat (sustained),429,Too Many Requests,3 - Sustained Ramp-up 3-9,false,,815,https://localhost:8443/ai/chat/,5
1780405255997,4,POST /ai/chat (sustained),429,Too Many Requests,3 - Sustained Ramp-up 3-9,false,,815,https://localhost:8443/ai/chat/,4
1780405256002,2,POST /ai/chat (sustained),429,Too Many Requests,3 - Sustained Ramp-up 3-9,false,,766,https://localhost:8443/ai/chat/,2
1780405256004,2,POST /ai/chat (sustained),429,Too Many Requests,3 - Sustained Ramp-up 3-9,false,,766,https://localhost:8443/ai/chat/,2
1780405256006,1,POST /ai/chat (sustained),429,Too Many Requests,3 - Sustained Ramp-up 3-9,false,,766,https://localhost:8443/ai/chat/,1
1780405256008,3,POST /ai/chat (sustained),429,Too Many Requests,3 - Sustained Ramp-up 3-9,false,,766,https://localhost:8443/ai/chat/,3
1780405256011,3,POST /ai/chat (sustained),429,Too Many Requests,3 - Sustained Ramp-up 3-9,false,,766,https://localhost:8443/ai/chat/,3
1780405256014,2,POST /ai/chat (sustained),429,Too Many Requests,3 - Sustained Ramp-up 3-9,false,,766,https://localhost:8443/ai/chat/,2
1780405256017,1,POST /ai/chat (sustained),429,Too Many Requests,3 - Sustained Ramp-up 3-9,false,,766,https://localhost:8443/ai/chat/,1
1780405256019,1,POST /ai/chat (sustained),429,Too Many Requests,3 - Sustained Ramp-up 3-9,false,,766,https://localhost:8443/ai/chat/,1
1780405256020,1,POST /ai/chat (sustained),429,Too Many Requests,3 - Sustained Ramp-up 3-9,false,,766,https://localhost:8443/ai/chat/,1
1780405256022,4,POST /ai/chat (sustained),429,Too Many Requests,3 - Sustained Ramp-up 3-9,false,,766,https://localhost:8443/ai/chat/,4
1780405256026,6,POST /ai/chat (sustained),429,Too Many Requests,3 - Sustained Ramp-up 3-9,false,,766,https://localhost:8443/ai/chat/,6
1780405256032,5,POST /ai/chat (sustained),429,Too Many Requests,3 - Sustained Ramp-up 3-9,false,,766,https://localhost:8443/ai/chat/,5
1780405256037,4,POST /ai/chat (sustained),429,Too Many Requests,3 - Sustained Ramp-up 3-9,false,,766,https://localhost:8443/ai/chat/,4
1780405256042,2,POST /ai/chat (sustained),429,Too Many Requests,3 - Sustained Ramp-up 3-9,false,,766,https://localhost:8443/ai/chat/,2
1780405259958,17,POST /ai/chat (sustained),429,Too Many Requests,3 - Sustained Ramp-up 3-10,false,,815,https://localhost:8443/ai/chat/,17
1780405259976,4,POST /ai/chat (sustained),429,Too Many Requests,3 - Sustained Ramp-up 3-10,false,,815,https://localhost:8443/ai/chat/,4
1780405259980,5,POST /ai/chat (sustained),429,Too Many Requests,3 - Sustained Ramp-up 3-10,false,,815,https://localhost:8443/ai/chat/,5
1780405259985,6,POST /ai/chat (sustained),429,Too Many Requests,3 - Sustained Ramp-up 3-10,false,,815,https://localhost:8443/ai/chat/,6
1780405259991,6,POST /ai/chat (sustained),429,Too Many Requests,3 - Sustained Ramp-up 3-10,false,,815,https://localhost:8443/ai/chat/,6
1780405259998,8,POST /ai/chat (sustained),429,Too Many Requests,3 - Sustained Ramp-up 3-10,false,,815,https://localhost:8443/ai/chat/,8
1780405260082,2,POST /ai/chat (sustained),429,Too Many Requests,3 - Sustained Ramp-up 3-10,false,,766,https://localhost:8443/ai/chat/,2
1780405260084,3,POST /ai/chat (sustained),429,Too Many Requests,3 - Sustained Ramp-up 3-10,false,,766,https://localhost:8443/ai/chat/,3
1780405260087,3,POST /ai/chat (sustained),429,Too Many Requests,3 - Sustained Ramp-up 3-10,false,,766,https://localhost:8443/ai/chat/,3
1780405260090,2,POST /ai/chat (sustained),429,Too Many Requests,3 - Sustained Ramp-up 3-10,false,,766,https://localhost:8443/ai/chat/,2
1780405260092,3,POST /ai/chat (sustained),429,Too Many Requests,3 - Sustained Ramp-up 3-10,false,,766,https://localhost:8443/ai/chat/,3
1780405260096,2,POST /ai/chat (sustained),429,Too Many Requests,3 - Sustained Ramp-up 3-10,false,,766,https://localhost:8443/ai/chat/,2
1780405260099,2,POST /ai/chat (sustained),429,Too Many Requests,3 - Sustained Ramp-up 3-10,false,,766,https://localhost:8443/ai/chat/,2
1780405260101,3,POST /ai/chat (sustained),429,Too Many Requests,3 - Sustained Ramp-up 3-10,false,,766,https://localhost:8443/ai/chat/,3
1780405260104,2,POST /ai/chat (sustained),429,Too Many Requests,3 - Sustained Ramp-up 3-10,false,,766,https://localhost:8443/ai/chat/,2
1780405260106,2,POST /ai/chat (sustained),429,Too Many Requests,3 - Sustained Ramp-up 3-10,false,,766,https://localhost:8443/ai/chat/,2
1780405260108,3,POST /ai/chat (sustained),429,Too Many Requests,3 - Sustained Ramp-up 3-10,false,,766,https://localhost:8443/ai/chat/,3
1780405260111,2,POST /ai/chat (sustained),429,Too Many Requests,3 - Sustained Ramp-up 3-10,false,,766,https://localhost:8443/ai/chat/,2
1780405260114,2,POST /ai/chat (sustained),429,Too Many Requests,3 - Sustained Ramp-up 3-10,false,,766,https://localhost:8443/ai/chat/,2
1780405260116,2,POST /ai/chat (sustained),429,Too Many Requests,3 - Sustained Ramp-up 3-10,false,,766,https://localhost:8443/ai/chat/,2
1780405263944,23,POST /ai/chat (sustained),429,Too Many Requests,3 - Sustained Ramp-up 3-11,false,,815,https://localhost:8443/ai/chat/,23
1780405263968,5,POST /ai/chat (sustained),429,Too Many Requests,3 - Sustained Ramp-up 3-11,false,,815,https://localhost:8443/ai/chat/,5
1780405263974,6,POST /ai/chat (sustained),429,Too Many Requests,3 - Sustained Ramp-up 3-11,false,,815,https://localhost:8443/ai/chat/,6
1780405263980,4,POST /ai/chat (sustained),429,Too Many Requests,3 - Sustained Ramp-up 3-11,false,,815,https://localhost:8443/ai/chat/,4
1780405263985,3,POST /ai/chat (sustained),429,Too Many Requests,3 - Sustained Ramp-up 3-11,false,,815,https://localhost:8443/ai/chat/,3
1780405263988,3,POST /ai/chat (sustained),429,Too Many Requests,3 - Sustained Ramp-up 3-11,false,,815,https://localhost:8443/ai/chat/,3
1780405263992,1,POST /ai/chat (sustained),429,Too Many Requests,3 - Sustained Ramp-up 3-11,false,,766,https://localhost:8443/ai/chat/,1
1780405263993,2,POST /ai/chat (sustained),429,Too Many Requests,3 - Sustained Ramp-up 3-11,false,,766,https://localhost:8443/ai/chat/,2
1780405263995,2,POST /ai/chat (sustained),429,Too Many Requests,3 - Sustained Ramp-up 3-11,false,,766,https://localhost:8443/ai/chat/,2
1780405263997,1,POST /ai/chat (sustained),429,Too Many Requests,3 - Sustained Ramp-up 3-11,false,,766,https://localhost:8443/ai/chat/,1
1780405263998,1,POST /ai/chat (sustained),429,Too Many Requests,3 - Sustained Ramp-up 3-11,false,,766,https://localhost:8443/ai/chat/,1
1780405264000,1,POST /ai/chat (sustained),429,Too Many Requests,3 - Sustained Ramp-up 3-11,false,,766,https://localhost:8443/ai/chat/,1
1780405264001,1,POST /ai/chat (sustained),429,Too Many Requests,3 - Sustained Ramp-up 3-11,false,,766,https://localhost:8443/ai/chat/,1
1780405264003,2,POST /ai/chat (sustained),429,Too Many Requests,3 - Sustained Ramp-up 3-11,false,,766,https://localhost:8443/ai/chat/,2
1780405264005,2,POST /ai/chat (sustained),429,Too Many Requests,3 - Sustained Ramp-up 3-11,false,,766,https://localhost:8443/ai/chat/,2
1780405264007,2,POST /ai/chat (sustained),429,Too Many Requests,3 - Sustained Ramp-up 3-11,false,,766,https://localhost:8443/ai/chat/,2
1780405264009,2,POST /ai/chat (sustained),429,Too Many Requests,3 - Sustained Ramp-up 3-11,false,,766,https://localhost:8443/ai/chat/,2
1780405264012,1,POST /ai/chat (sustained),429,Too Many Requests,3 - Sustained Ramp-up 3-11,false,,766,https://localhost:8443/ai/chat/,1
1780405264013,2,POST /ai/chat (sustained),429,Too Many Requests,3 - Sustained Ramp-up 3-11,false,,766,https://localhost:8443/ai/chat/,2
1780405264015,2,POST /ai/chat (sustained),429,Too Many Requests,3 - Sustained Ramp-up 3-11,false,,766,https://localhost:8443/ai/chat/,2
1780405267958,16,POST /ai/chat (sustained),429,Too Many Requests,3 - Sustained Ramp-up 3-12,false,,815,https://localhost:8443/ai/chat/,16
1780405267975,6,POST /ai/chat (sustained),429,Too Many Requests,3 - Sustained Ramp-up 3-12,false,,815,https://localhost:8443/ai/chat/,6
1780405267981,6,POST /ai/chat (sustained),429,Too Many Requests,3 - Sustained Ramp-up 3-12,false,,815,https://localhost:8443/ai/chat/,6
1780405267987,5,POST /ai/chat (sustained),429,Too Many Requests,3 - Sustained Ramp-up 3-12,false,,815,https://localhost:8443/ai/chat/,5
1780405267992,7,POST /ai/chat (sustained),429,Too Many Requests,3 - Sustained Ramp-up 3-12,false,,815,https://localhost:8443/ai/chat/,7
1780405268000,6,POST /ai/chat (sustained),429,Too Many Requests,3 - Sustained Ramp-up 3-12,false,,815,https://localhost:8443/ai/chat/,6
1780405268006,3,POST /ai/chat (sustained),429,Too Many Requests,3 - Sustained Ramp-up 3-12,false,,766,https://localhost:8443/ai/chat/,3
1780405268009,4,POST /ai/chat (sustained),429,Too Many Requests,3 - Sustained Ramp-up 3-12,false,,766,https://localhost:8443/ai/chat/,4
1780405268013,2,POST /ai/chat (sustained),429,Too Many Requests,3 - Sustained Ramp-up 3-12,false,,766,https://localhost:8443/ai/chat/,2
1780405268015,2,POST /ai/chat (sustained),429,Too Many Requests,3 - Sustained Ramp-up 3-12,false,,766,https://localhost:8443/ai/chat/,2
1780405268017,2,POST /ai/chat (sustained),429,Too Many Requests,3 - Sustained Ramp-up 3-12,false,,766,https://localhost:8443/ai/chat/,2
1780405268019,2,POST /ai/chat (sustained),429,Too Many Requests,3 - Sustained Ramp-up 3-12,false,,766,https://localhost:8443/ai/chat/,1
1780405268021,2,POST /ai/chat (sustained),429,Too Many Requests,3 - Sustained Ramp-up 3-12,false,,766,https://localhost:8443/ai/chat/,2
1780405268023,4,POST /ai/chat (sustained),429,Too Many Requests,3 - Sustained Ramp-up 3-12,false,,766,https://localhost:8443/ai/chat/,4
1780405268027,4,POST /ai/chat (sustained),429,Too Many Requests,3 - Sustained Ramp-up 3-12,false,,766,https://localhost:8443/ai/chat/,4
1780405268031,2,POST /ai/chat (sustained),429,Too Many Requests,3 - Sustained Ramp-up 3-12,false,,766,https://localhost:8443/ai/chat/,2
1780405268033,3,POST /ai/chat (sustained),429,Too Many Requests,3 - Sustained Ramp-up 3-12,false,,766,https://localhost:8443/ai/chat/,2
1780405268036,2,POST /ai/chat (sustained),429,Too Many Requests,3 - Sustained Ramp-up 3-12,false,,766,https://localhost:8443/ai/chat/,2
1780405268038,2,POST /ai/chat (sustained),429,Too Many Requests,3 - Sustained Ramp-up 3-12,false,,766,https://localhost:8443/ai/chat/,2
1780405268040,3,POST /ai/chat (sustained),429,Too Many Requests,3 - Sustained Ramp-up 3-12,false,,766,https://localhost:8443/ai/chat/,3
1780405271963,22,POST /ai/chat (sustained),429,Too Many Requests,3 - Sustained Ramp-up 3-13,false,,815,https://localhost:8443/ai/chat/,22
1780405271985,7,POST /ai/chat (sustained),429,Too Many Requests,3 - Sustained Ramp-up 3-13,false,,815,https://localhost:8443/ai/chat/,7
1780405271992,6,POST /ai/chat (sustained),429,Too Many Requests,3 - Sustained Ramp-up 3-13,false,,815,https://localhost:8443/ai/chat/,6
1780405271998,6,POST /ai/chat (sustained),429,Too Many Requests,3 - Sustained Ramp-up 3-13,false,,815,https://localhost:8443/ai/chat/,6
1780405272004,8,POST /ai/chat (sustained),429,Too Many Requests,3 - Sustained Ramp-up 3-13,false,,815,https://localhost:8443/ai/chat/,8
1780405272012,5,POST /ai/chat (sustained),429,Too Many Requests,3 - Sustained Ramp-up 3-13,false,,815,https://localhost:8443/ai/chat/,5
1780405272018,2,POST /ai/chat (sustained),429,Too Many Requests,3 - Sustained Ramp-up 3-13,false,,766,https://localhost:8443/ai/chat/,2
1780405272021,3,POST /ai/chat (sustained),429,Too Many Requests,3 - Sustained Ramp-up 3-13,false,,766,https://localhost:8443/ai/chat/,3
1780405272025,3,POST /ai/chat (sustained),429,Too Many Requests,3 - Sustained Ramp-up 3-13,false,,766,https://localhost:8443/ai/chat/,3
1780405272028,3,POST /ai/chat (sustained),429,Too Many Requests,3 - Sustained Ramp-up 3-13,false,,766,https://localhost:8443/ai/chat/,3
1780405272031,2,POST /ai/chat (sustained),429,Too Many Requests,3 - Sustained Ramp-up 3-13,false,,766,https://localhost:8443/ai/chat/,2
1780405272033,3,POST /ai/chat (sustained),429,Too Many Requests,3 - Sustained Ramp-up 3-13,false,,766,https://localhost:8443/ai/chat/,3
1780405272036,2,POST /ai/chat (sustained),429,Too Many Requests,3 - Sustained Ramp-up 3-13,false,,766,https://localhost:8443/ai/chat/,2
1780405272039,2,POST /ai/chat (sustained),429,Too Many Requests,3 - Sustained Ramp-up 3-13,false,,766,https://localhost:8443/ai/chat/,2
1780405272041,4,POST /ai/chat (sustained),429,Too Many Requests,3 - Sustained Ramp-up 3-13,false,,766,https://localhost:8443/ai/chat/,4
1780405272045,3,POST /ai/chat (sustained),429,Too Many Requests,3 - Sustained Ramp-up 3-13,false,,766,https://localhost:8443/ai/chat/,3
1780405272048,2,POST /ai/chat (sustained),429,Too Many Requests,3 - Sustained Ramp-up 3-13,false,,766,https://localhost:8443/ai/chat/,2
1780405272050,1,POST /ai/chat (sustained),429,Too Many Requests,3 - Sustained Ramp-up 3-13,false,,766,https://localhost:8443/ai/chat/,1
1780405272052,2,POST /ai/chat (sustained),429,Too Many Requests,3 - Sustained Ramp-up 3-13,false,,766,https://localhost:8443/ai/chat/,2
1780405272054,2,POST /ai/chat (sustained),429,Too Many Requests,3 - Sustained Ramp-up 3-13,false,,766,https://localhost:8443/ai/chat/,2
1780405275980,59,POST /ai/chat (sustained),429,Too Many Requests,3 - Sustained Ramp-up 3-14,false,,815,https://localhost:8443/ai/chat/,59
1780405276039,8,POST /ai/chat (sustained),429,Too Many Requests,3 - Sustained Ramp-up 3-14,false,,815,https://localhost:8443/ai/chat/,7
1780405276047,4,POST /ai/chat (sustained),429,Too Many Requests,3 - Sustained Ramp-up 3-14,false,,815,https://localhost:8443/ai/chat/,4
1780405276052,4,POST /ai/chat (sustained),429,Too Many Requests,3 - Sustained Ramp-up 3-14,false,,815,https://localhost:8443/ai/chat/,4
1780405276056,8,POST /ai/chat (sustained),429,Too Many Requests,3 - Sustained Ramp-up 3-14,false,,815,https://localhost:8443/ai/chat/,8
1780405276064,8,POST /ai/chat (sustained),429,Too Many Requests,3 - Sustained Ramp-up 3-14,false,,815,https://localhost:8443/ai/chat/,8
1780405276073,4,POST /ai/chat (sustained),429,Too Many Requests,3 - Sustained Ramp-up 3-14,false,,766,https://localhost:8443/ai/chat/,4
1780405276077,5,POST /ai/chat (sustained),429,Too Many Requests,3 - Sustained Ramp-up 3-14,false,,766,https://localhost:8443/ai/chat/,5
1780405276082,12,POST /ai/chat (sustained),429,Too Many Requests,3 - Sustained Ramp-up 3-14,false,,766,https://localhost:8443/ai/chat/,12
1780405276095,14,POST /ai/chat (sustained),429,Too Many Requests,3 - Sustained Ramp-up 3-14,false,,766,https://localhost:8443/ai/chat/,14
1780405276110,14,POST /ai/chat (sustained),429,Too Many Requests,3 - Sustained Ramp-up 3-14,false,,766,https://localhost:8443/ai/chat/,14
1780405276124,16,POST /ai/chat (sustained),429,Too Many Requests,3 - Sustained Ramp-up 3-14,false,,766,https://localhost:8443/ai/chat/,16
1780405276140,9,POST /ai/chat (sustained),429,Too Many Requests,3 - Sustained Ramp-up 3-14,false,,766,https://localhost:8443/ai/chat/,9
1780405276150,6,POST /ai/chat (sustained),429,Too Many Requests,3 - Sustained Ramp-up 3-14,false,,766,https://localhost:8443/ai/chat/,6
1780405276156,6,POST /ai/chat (sustained),429,Too Many Requests,3 - Sustained Ramp-up 3-14,false,,766,https://localhost:8443/ai/chat/,6
1780405276163,5,POST /ai/chat (sustained),429,Too Many Requests,3 - Sustained Ramp-up 3-14,false,,766,https://localhost:8443/ai/chat/,5
1780405276169,42,POST /ai/chat (sustained),429,Too Many Requests,3 - Sustained Ramp-up 3-14,false,,766,https://localhost:8443/ai/chat/,42
1780405276212,6,POST /ai/chat (sustained),429,Too Many Requests,3 - Sustained Ramp-up 3-14,false,,766,https://localhost:8443/ai/chat/,6
1780405276219,2,POST /ai/chat (sustained),429,Too Many Requests,3 - Sustained Ramp-up 3-14,false,,766,https://localhost:8443/ai/chat/,2
1780405276221,14,POST /ai/chat (sustained),429,Too Many Requests,3 - Sustained Ramp-up 3-14,false,,766,https://localhost:8443/ai/chat/,14
1780405279969,25,POST /ai/chat (sustained),429,Too Many Requests,3 - Sustained Ramp-up 3-15,false,,815,https://localhost:8443/ai/chat/,25
1780405279994,9,POST /ai/chat (sustained),429,Too Many Requests,3 - Sustained Ramp-up 3-15,false,,815,https://localhost:8443/ai/chat/,9
1780405280004,4,POST /ai/chat (sustained),429,Too Many Requests,3 - Sustained Ramp-up 3-15,false,,815,https://localhost:8443/ai/chat/,4
1780405280008,4,POST /ai/chat (sustained),429,Too Many Requests,3 - Sustained Ramp-up 3-15,false,,815,https://localhost:8443/ai/chat/,4
1780405280012,4,POST /ai/chat (sustained),429,Too Many Requests,3 - Sustained Ramp-up 3-15,false,,815,https://localhost:8443/ai/chat/,4
1780405280016,4,POST /ai/chat (sustained),429,Too Many Requests,3 - Sustained Ramp-up 3-15,false,,815,https://localhost:8443/ai/chat/,4
1780405280020,2,POST /ai/chat (sustained),429,Too Many Requests,3 - Sustained Ramp-up 3-15,false,,766,https://localhost:8443/ai/chat/,2
1780405280022,2,POST /ai/chat (sustained),429,Too Many Requests,3 - Sustained Ramp-up 3-15,false,,766,https://localhost:8443/ai/chat/,2
1780405280024,2,POST /ai/chat (sustained),429,Too Many Requests,3 - Sustained Ramp-up 3-15,false,,766,https://localhost:8443/ai/chat/,2
1780405280026,3,POST /ai/chat (sustained),429,Too Many Requests,3 - Sustained Ramp-up 3-15,false,,766,https://localhost:8443/ai/chat/,3
1780405280029,2,POST /ai/chat (sustained),429,Too Many Requests,3 - Sustained Ramp-up 3-15,false,,766,https://localhost:8443/ai/chat/,2
1780405280032,1,POST /ai/chat (sustained),429,Too Many Requests,3 - Sustained Ramp-up 3-15,false,,766,https://localhost:8443/ai/chat/,1
1780405280034,2,POST /ai/chat (sustained),429,Too Many Requests,3 - Sustained Ramp-up 3-15,false,,766,https://localhost:8443/ai/chat/,2
1780405280036,2,POST /ai/chat (sustained),429,Too Many Requests,3 - Sustained Ramp-up 3-15,false,,766,https://localhost:8443/ai/chat/,2
1780405280038,1,POST /ai/chat (sustained),429,Too Many Requests,3 - Sustained Ramp-up 3-15,false,,766,https://localhost:8443/ai/chat/,1
1780405280040,1,POST /ai/chat (sustained),429,Too Many Requests,3 - Sustained Ramp-up 3-15,false,,766,https://localhost:8443/ai/chat/,1
1780405280041,3,POST /ai/chat (sustained),429,Too Many Requests,3 - Sustained Ramp-up 3-15,false,,766,https://localhost:8443/ai/chat/,3
1780405280044,3,POST /ai/chat (sustained),429,Too Many Requests,3 - Sustained Ramp-up 3-15,false,,766,https://localhost:8443/ai/chat/,3
1780405280047,2,POST /ai/chat (sustained),429,Too Many Requests,3 - Sustained Ramp-up 3-15,false,,766,https://localhost:8443/ai/chat/,2
1780405280049,2,POST /ai/chat (sustained),429,Too Many Requests,3 - Sustained Ramp-up 3-15,false,,766,https://localhost:8443/ai/chat/,1
