1780790768681,7,POST /ai/chat,429,Too Many Requests,2 - [CON RL] Baseline 2-2,false,,766,https://localhost:8443/ai/chat/,7
1780790768688,1,POST /ai/chat,429,Too Many Requests,2 - [CON RL] Baseline 2-2,false,,766,https://localhost:8443/ai/chat/,1
1780790768689,1,POST /ai/chat,429,Too Many Requests,2 - [CON RL] Baseline 2-2,false,,766,https://localhost:8443/ai/chat/,1
1780790768690,2,POST /ai/chat,429,Too Many Requests,2 - [CON RL] Baseline 2-2,false,,766,https://localhost:8443/ai/chat/,2
1780790768692,1,POST /ai/chat,429,Too Many Requests,2 - [CON RL] Baseline 2-2,false,,766,https://localhost:8443/ai/chat/,1
1780790768693,1,POST /ai/chat,429,Too Many Requests,2 - [CON RL] Baseline 2-2,false,,766,https://localhost:8443/ai/chat/,1
1780790768694,2,POST /ai/chat,429,Too Many Requests,2 - [CON RL] Baseline 2-2,false,,766,https://localhost:8443/ai/chat/,2
1780790768696,2,POST /ai/chat,429,Too Many Requests,2 - [CON RL] Baseline 2-2,false,,766,https://localhost:8443/ai/chat/,2
1780790768698,1,POST /ai/chat,429,Too Many Requests,2 - [CON RL] Baseline 2-2,false,,766,https://localhost:8443/ai/chat/,1
1780790768700,1,POST /ai/chat,429,Too Many Requests,2 - [CON RL] Baseline 2-2,false,,766,https://localhost:8443/ai/chat/,1
1780790768882,7,POST /ai/chat,429,Too Many Requests,2 - [CON RL] Baseline 2-3,false,,766,https://localhost:8443/ai/chat/,7
1780790768889,1,POST /ai/chat,429,Too Many Requests,2 - [CON RL] Baseline 2-3,false,,766,https://localhost:8443/ai/chat/,1
1780790768890,1,POST /ai/chat,429,Too Many Requests,2 - [CON RL] Baseline 2-3,false,,766,https://localhost:8443/ai/chat/,1
1780790768891,0,POST /ai/chat,429,Too Many Requests,2 - [CON RL] Baseline 2-3,false,,766,https://localhost:8443/ai/chat/,0
1780790768891,1,POST /ai/chat,429,Too Many Requests,2 - [CON RL] Baseline 2-3,false,,766,https://localhost:8443/ai/chat/,1
1780790768892,1,POST /ai/chat,429,Too Many Requests,2 - [CON RL] Baseline 2-3,false,,766,https://localhost:8443/ai/chat/,1
1780790768894,1,POST /ai/chat,429,Too Many Requests,2 - [CON RL] Baseline 2-3,false,,766,https://localhost:8443/ai/chat/,1
1780790768895,1,POST /ai/chat,429,Too Many Requests,2 - [CON RL] Baseline 2-3,false,,766,https://localhost:8443/ai/chat/,1
1780790768896,0,POST /ai/chat,429,Too Many Requests,2 - [CON RL] Baseline 2-3,false,,766,https://localhost:8443/ai/chat/,0
1780790768896,1,POST /ai/chat,429,Too Many Requests,2 - [CON RL] Baseline 2-3,false,,766,https://localhost:8443/ai/chat/,1
1780790768481,775,POST /ai/chat,200,OK,2 - [CON RL] Baseline 2-1,true,,911,https://localhost:8443/ai/chat/,775
1780790769256,1,POST /ai/chat,429,Too Many Requests,2 - [CON RL] Baseline 2-1,false,,766,https://localhost:8443/ai/chat/,1
1780790769257,1,POST /ai/chat,429,Too Many Requests,2 - [CON RL] Baseline 2-1,false,,766,https://localhost:8443/ai/chat/,1
1780790769258,1,POST /ai/chat,429,Too Many Requests,2 - [CON RL] Baseline 2-1,false,,766,https://localhost:8443/ai/chat/,1
1780790769259,1,POST /ai/chat,429,Too Many Requests,2 - [CON RL] Baseline 2-1,false,,766,https://localhost:8443/ai/chat/,1
1780790769260,2,POST /ai/chat,429,Too Many Requests,2 - [CON RL] Baseline 2-1,false,,766,https://localhost:8443/ai/chat/,2
1780790769262,1,POST /ai/chat,429,Too Many Requests,2 - [CON RL] Baseline 2-1,false,,766,https://localhost:8443/ai/chat/,1
1780790769263,1,POST /ai/chat,429,Too Many Requests,2 - [CON RL] Baseline 2-1,false,,766,https://localhost:8443/ai/chat/,1
1780790769264,1,POST /ai/chat,429,Too Many Requests,2 - [CON RL] Baseline 2-1,false,,766,https://localhost:8443/ai/chat/,1
1780790769265,1,POST /ai/chat,429,Too Many Requests,2 - [CON RL] Baseline 2-1,false,,766,https://localhost:8443/ai/chat/,1
1780790769282,5,POST /ai/chat,429,Too Many Requests,2 - [CON RL] Baseline 2-5,false,,766,https://localhost:8443/ai/chat/,5
1780790769287,1,POST /ai/chat,429,Too Many Requests,2 - [CON RL] Baseline 2-5,false,,766,https://localhost:8443/ai/chat/,1
1780790769288,1,POST /ai/chat,429,Too Many Requests,2 - [CON RL] Baseline 2-5,false,,766,https://localhost:8443/ai/chat/,1
1780790769289,1,POST /ai/chat,429,Too Many Requests,2 - [CON RL] Baseline 2-5,false,,766,https://localhost:8443/ai/chat/,1
1780790769290,1,POST /ai/chat,429,Too Many Requests,2 - [CON RL] Baseline 2-5,false,,766,https://localhost:8443/ai/chat/,1
1780790769292,0,POST /ai/chat,429,Too Many Requests,2 - [CON RL] Baseline 2-5,false,,766,https://localhost:8443/ai/chat/,0
1780790769293,0,POST /ai/chat,429,Too Many Requests,2 - [CON RL] Baseline 2-5,false,,766,https://localhost:8443/ai/chat/,0
1780790769294,0,POST /ai/chat,429,Too Many Requests,2 - [CON RL] Baseline 2-5,false,,766,https://localhost:8443/ai/chat/,0
1780790769294,1,POST /ai/chat,429,Too Many Requests,2 - [CON RL] Baseline 2-5,false,,766,https://localhost:8443/ai/chat/,1
1780790769295,1,POST /ai/chat,429,Too Many Requests,2 - [CON RL] Baseline 2-5,false,,766,https://localhost:8443/ai/chat/,1
1780790769083,1596,POST /ai/chat,200,OK,2 - [CON RL] Baseline 2-4,true,,1365,https://localhost:8443/ai/chat/,1596
1780790770679,6762,POST /ai/chat,200,OK,2 - [CON RL] Baseline 2-4,true,,1329,https://localhost:8443/ai/chat/,6762
1780790777440,3,POST /ai/chat,429,Too Many Requests,2 - [CON RL] Baseline 2-4,false,,815,https://localhost:8443/ai/chat/,3
1780790777443,1,POST /ai/chat,429,Too Many Requests,2 - [CON RL] Baseline 2-4,false,,766,https://localhost:8443/ai/chat/,1
1780790777444,1,POST /ai/chat,429,Too Many Requests,2 - [CON RL] Baseline 2-4,false,,766,https://localhost:8443/ai/chat/,1
1780790777445,1,POST /ai/chat,429,Too Many Requests,2 - [CON RL] Baseline 2-4,false,,766,https://localhost:8443/ai/chat/,1
1780790777446,1,POST /ai/chat,429,Too Many Requests,2 - [CON RL] Baseline 2-4,false,,766,https://localhost:8443/ai/chat/,1
1780790777447,1,POST /ai/chat,429,Too Many Requests,2 - [CON RL] Baseline 2-4,false,,766,https://localhost:8443/ai/chat/,1
1780790777448,1,POST /ai/chat,429,Too Many Requests,2 - [CON RL] Baseline 2-4,false,,766,https://localhost:8443/ai/chat/,1
1780790777449,0,POST /ai/chat,429,Too Many Requests,2 - [CON RL] Baseline 2-4,false,,766,https://localhost:8443/ai/chat/,0
