1780790768495,16,POST /ai/chat,429,Too Many Requests,3 - [CON RL] Burst 3-20,false,,766,https://localhost:8443/ai/chat/,16
1780790768482,29,POST /ai/chat,429,Too Many Requests,3 - [CON RL] Burst 3-5,false,,766,https://localhost:8443/ai/chat/,29
1780790768482,30,POST /ai/chat,429,Too Many Requests,3 - [CON RL] Burst 3-1,false,,766,https://localhost:8443/ai/chat/,30
1780790768485,27,POST /ai/chat,429,Too Many Requests,3 - [CON RL] Burst 3-13,false,,766,https://localhost:8443/ai/chat/,27
1780790768488,25,POST /ai/chat,429,Too Many Requests,3 - [CON RL] Burst 3-11,false,,766,https://localhost:8443/ai/chat/,25
1780790768512,3,POST /ai/chat,429,Too Many Requests,3 - [CON RL] Burst 3-5,false,,766,https://localhost:8443/ai/chat/,3
1780790768512,3,POST /ai/chat,429,Too Many Requests,3 - [CON RL] Burst 3-1,false,,766,https://localhost:8443/ai/chat/,3
1780790768512,3,POST /ai/chat,429,Too Many Requests,3 - [CON RL] Burst 3-13,false,,766,https://localhost:8443/ai/chat/,3
1780790768512,3,POST /ai/chat,429,Too Many Requests,3 - [CON RL] Burst 3-20,false,,766,https://localhost:8443/ai/chat/,3
1780790768495,23,POST /ai/chat,429,Too Many Requests,3 - [CON RL] Burst 3-17,false,,766,https://localhost:8443/ai/chat/,23
1780790768495,25,POST /ai/chat,429,Too Many Requests,3 - [CON RL] Burst 3-18,false,,766,https://localhost:8443/ai/chat/,25
1780790768483,37,POST /ai/chat,429,Too Many Requests,3 - [CON RL] Burst 3-10,false,,766,https://localhost:8443/ai/chat/,37
1780790768515,5,POST /ai/chat,429,Too Many Requests,3 - [CON RL] Burst 3-1,false,,766,https://localhost:8443/ai/chat/,5
1780790768515,5,POST /ai/chat,429,Too Many Requests,3 - [CON RL] Burst 3-20,false,,766,https://localhost:8443/ai/chat/,5
1780790768514,6,POST /ai/chat,429,Too Many Requests,3 - [CON RL] Burst 3-11,false,,766,https://localhost:8443/ai/chat/,6
1780790768515,5,POST /ai/chat,429,Too Many Requests,3 - [CON RL] Burst 3-13,false,,766,https://localhost:8443/ai/chat/,5
1780790768483,37,POST /ai/chat,429,Too Many Requests,3 - [CON RL] Burst 3-8,false,,766,https://localhost:8443/ai/chat/,37
1780790768515,5,POST /ai/chat,429,Too Many Requests,3 - [CON RL] Burst 3-5,false,,766,https://localhost:8443/ai/chat/,5
1780790768488,32,POST /ai/chat,429,Too Many Requests,3 - [CON RL] Burst 3-12,false,,766,https://localhost:8443/ai/chat/,32
1780790768482,39,POST /ai/chat,429,Too Many Requests,3 - [CON RL] Burst 3-2,false,,766,https://localhost:8443/ai/chat/,39
1780790768495,26,POST /ai/chat,429,Too Many Requests,3 - [CON RL] Burst 3-19,false,,766,https://localhost:8443/ai/chat/,26
1780790768494,28,POST /ai/chat,429,Too Many Requests,3 - [CON RL] Burst 3-15,false,,766,https://localhost:8443/ai/chat/,28
1780790768520,3,POST /ai/chat,429,Too Many Requests,3 - [CON RL] Burst 3-12,false,,766,https://localhost:8443/ai/chat/,3
1780790768521,2,POST /ai/chat,429,Too Many Requests,3 - [CON RL] Burst 3-19,false,,766,https://localhost:8443/ai/chat/,2
1780790768520,3,POST /ai/chat,429,Too Many Requests,3 - [CON RL] Burst 3-18,false,,766,https://localhost:8443/ai/chat/,3
1780790768520,3,POST /ai/chat,429,Too Many Requests,3 - [CON RL] Burst 3-20,false,,766,https://localhost:8443/ai/chat/,3
1780790768520,3,POST /ai/chat,429,Too Many Requests,3 - [CON RL] Burst 3-5,false,,766,https://localhost:8443/ai/chat/,3
1780790768520,3,POST /ai/chat,429,Too Many Requests,3 - [CON RL] Burst 3-13,false,,766,https://localhost:8443/ai/chat/,3
1780790768521,2,POST /ai/chat,429,Too Many Requests,3 - [CON RL] Burst 3-2,false,,766,https://localhost:8443/ai/chat/,2
1780790768519,4,POST /ai/chat,429,Too Many Requests,3 - [CON RL] Burst 3-17,false,,766,https://localhost:8443/ai/chat/,4
1780790768520,3,POST /ai/chat,429,Too Many Requests,3 - [CON RL] Burst 3-10,false,,766,https://localhost:8443/ai/chat/,3
1780790768520,3,POST /ai/chat,429,Too Many Requests,3 - [CON RL] Burst 3-11,false,,766,https://localhost:8443/ai/chat/,3
1780790768520,3,POST /ai/chat,429,Too Many Requests,3 - [CON RL] Burst 3-1,false,,766,https://localhost:8443/ai/chat/,3
1780790768522,2,POST /ai/chat,429,Too Many Requests,3 - [CON RL] Burst 3-15,false,,766,https://localhost:8443/ai/chat/,2
1780790768523,2,POST /ai/chat,429,Too Many Requests,3 - [CON RL] Burst 3-20,false,,766,https://localhost:8443/ai/chat/,2
1780790768523,2,POST /ai/chat,429,Too Many Requests,3 - [CON RL] Burst 3-17,false,,766,https://localhost:8443/ai/chat/,2
1780790768523,2,POST /ai/chat,429,Too Many Requests,3 - [CON RL] Burst 3-10,false,,766,https://localhost:8443/ai/chat/,2
1780790768523,2,POST /ai/chat,429,Too Many Requests,3 - [CON RL] Burst 3-13,false,,766,https://localhost:8443/ai/chat/,2
1780790768523,2,POST /ai/chat,429,Too Many Requests,3 - [CON RL] Burst 3-18,false,,766,https://localhost:8443/ai/chat/,2
1780790768492,33,POST /ai/chat,429,Too Many Requests,3 - [CON RL] Burst 3-16,false,,766,https://localhost:8443/ai/chat/,33
1780790768523,2,POST /ai/chat,429,Too Many Requests,3 - [CON RL] Burst 3-12,false,,766,https://localhost:8443/ai/chat/,2
1780790768523,2,POST /ai/chat,429,Too Many Requests,3 - [CON RL] Burst 3-11,false,,766,https://localhost:8443/ai/chat/,2
1780790768523,2,POST /ai/chat,429,Too Many Requests,3 - [CON RL] Burst 3-1,false,,766,https://localhost:8443/ai/chat/,2
1780790768523,3,POST /ai/chat,429,Too Many Requests,3 - [CON RL] Burst 3-2,false,,766,https://localhost:8443/ai/chat/,2
1780790768523,3,POST /ai/chat,429,Too Many Requests,3 - [CON RL] Burst 3-5,false,,766,https://localhost:8443/ai/chat/,3
1780790768523,3,POST /ai/chat,429,Too Many Requests,3 - [CON RL] Burst 3-19,false,,766,https://localhost:8443/ai/chat/,3
1780790768524,3,POST /ai/chat,429,Too Many Requests,3 - [CON RL] Burst 3-15,false,,766,https://localhost:8443/ai/chat/,3
1780790768525,4,POST /ai/chat,429,Too Many Requests,3 - [CON RL] Burst 3-18,false,,766,https://localhost:8443/ai/chat/,4
1780790768491,38,POST /ai/chat,429,Too Many Requests,3 - [CON RL] Burst 3-14,false,,766,https://localhost:8443/ai/chat/,38
1780790768520,9,POST /ai/chat,429,Too Many Requests,3 - [CON RL] Burst 3-8,false,,766,https://localhost:8443/ai/chat/,9
1780790768525,4,POST /ai/chat,429,Too Many Requests,3 - [CON RL] Burst 3-10,false,,766,https://localhost:8443/ai/chat/,4
1780790768525,4,POST /ai/chat,429,Too Many Requests,3 - [CON RL] Burst 3-12,false,,766,https://localhost:8443/ai/chat/,4
1780790768526,3,POST /ai/chat,429,Too Many Requests,3 - [CON RL] Burst 3-2,false,,766,https://localhost:8443/ai/chat/,3
1780790768525,5,POST /ai/chat,429,Too Many Requests,3 - [CON RL] Burst 3-17,false,,766,https://localhost:8443/ai/chat/,5
1780790768525,5,POST /ai/chat,429,Too Many Requests,3 - [CON RL] Burst 3-11,false,,766,https://localhost:8443/ai/chat/,5
1780790768526,4,POST /ai/chat,429,Too Many Requests,3 - [CON RL] Burst 3-19,false,,766,https://localhost:8443/ai/chat/,4
1780790768525,8,POST /ai/chat,429,Too Many Requests,3 - [CON RL] Burst 3-16,false,,766,https://localhost:8443/ai/chat/,8
1780790768529,4,POST /ai/chat,429,Too Many Requests,3 - [CON RL] Burst 3-18,false,,766,https://localhost:8443/ai/chat/,4
1780790768531,2,POST /ai/chat,429,Too Many Requests,3 - [CON RL] Burst 3-17,false,,766,https://localhost:8443/ai/chat/,2
1780790768528,5,POST /ai/chat,429,Too Many Requests,3 - [CON RL] Burst 3-15,false,,766,https://localhost:8443/ai/chat/,5
1780790768529,4,POST /ai/chat,429,Too Many Requests,3 - [CON RL] Burst 3-8,false,,766,https://localhost:8443/ai/chat/,4
1780790768529,4,POST /ai/chat,429,Too Many Requests,3 - [CON RL] Burst 3-12,false,,766,https://localhost:8443/ai/chat/,4
1780790768531,3,POST /ai/chat,429,Too Many Requests,3 - [CON RL] Burst 3-19,false,,766,https://localhost:8443/ai/chat/,3
1780790768529,5,POST /ai/chat,429,Too Many Requests,3 - [CON RL] Burst 3-14,false,,766,https://localhost:8443/ai/chat/,5
1780790768529,5,POST /ai/chat,429,Too Many Requests,3 - [CON RL] Burst 3-10,false,,766,https://localhost:8443/ai/chat/,5
1780790768534,2,POST /ai/chat,429,Too Many Requests,3 - [CON RL] Burst 3-8,false,,766,https://localhost:8443/ai/chat/,2
1780790768534,2,POST /ai/chat,429,Too Many Requests,3 - [CON RL] Burst 3-14,false,,766,https://localhost:8443/ai/chat/,2
1780790768529,7,POST /ai/chat,429,Too Many Requests,3 - [CON RL] Burst 3-2,false,,766,https://localhost:8443/ai/chat/,7
1780790768533,4,POST /ai/chat,429,Too Many Requests,3 - [CON RL] Burst 3-15,false,,766,https://localhost:8443/ai/chat/,4
1780790768533,4,POST /ai/chat,429,Too Many Requests,3 - [CON RL] Burst 3-16,false,,766,https://localhost:8443/ai/chat/,4
1780790768537,2,POST /ai/chat,429,Too Many Requests,3 - [CON RL] Burst 3-16,false,,766,https://localhost:8443/ai/chat/,2
1780790768536,3,POST /ai/chat,429,Too Many Requests,3 - [CON RL] Burst 3-14,false,,766,https://localhost:8443/ai/chat/,3
1780790768536,4,POST /ai/chat,429,Too Many Requests,3 - [CON RL] Burst 3-8,false,,766,https://localhost:8443/ai/chat/,3
1780790768539,2,POST /ai/chat,429,Too Many Requests,3 - [CON RL] Burst 3-16,false,,766,https://localhost:8443/ai/chat/,2
1780790768539,2,POST /ai/chat,429,Too Many Requests,3 - [CON RL] Burst 3-14,false,,766,https://localhost:8443/ai/chat/,2
1780790768482,675,POST /ai/chat,200,OK,3 - [CON RL] Burst 3-7,true,,848,https://localhost:8443/ai/chat/,675
1780790769158,1,POST /ai/chat,429,Too Many Requests,3 - [CON RL] Burst 3-7,false,,766,https://localhost:8443/ai/chat/,1
1780790769159,1,POST /ai/chat,429,Too Many Requests,3 - [CON RL] Burst 3-7,false,,766,https://localhost:8443/ai/chat/,1
1780790769160,1,POST /ai/chat,429,Too Many Requests,3 - [CON RL] Burst 3-7,false,,766,https://localhost:8443/ai/chat/,1
1780790769161,1,POST /ai/chat,429,Too Many Requests,3 - [CON RL] Burst 3-7,false,,766,https://localhost:8443/ai/chat/,1
1780790768482,703,POST /ai/chat,200,OK,3 - [CON RL] Burst 3-6,true,,825,https://localhost:8443/ai/chat/,703
1780790768483,702,POST /ai/chat,200,OK,3 - [CON RL] Burst 3-4,true,,861,https://localhost:8443/ai/chat/,702
1780790769185,1,POST /ai/chat,429,Too Many Requests,3 - [CON RL] Burst 3-4,false,,766,https://localhost:8443/ai/chat/,1
1780790769185,1,POST /ai/chat,429,Too Many Requests,3 - [CON RL] Burst 3-6,false,,766,https://localhost:8443/ai/chat/,1
1780790769186,1,POST /ai/chat,429,Too Many Requests,3 - [CON RL] Burst 3-4,false,,766,https://localhost:8443/ai/chat/,1
1780790769186,1,POST /ai/chat,429,Too Many Requests,3 - [CON RL] Burst 3-6,false,,766,https://localhost:8443/ai/chat/,1
1780790769187,1,POST /ai/chat,429,Too Many Requests,3 - [CON RL] Burst 3-4,false,,766,https://localhost:8443/ai/chat/,1
1780790769187,2,POST /ai/chat,429,Too Many Requests,3 - [CON RL] Burst 3-6,false,,766,https://localhost:8443/ai/chat/,2
1780790769189,1,POST /ai/chat,429,Too Many Requests,3 - [CON RL] Burst 3-6,false,,766,https://localhost:8443/ai/chat/,1
1780790769189,1,POST /ai/chat,429,Too Many Requests,3 - [CON RL] Burst 3-4,false,,766,https://localhost:8443/ai/chat/,1
1780790768482,774,POST /ai/chat,200,OK,3 - [CON RL] Burst 3-3,true,,909,https://localhost:8443/ai/chat/,774
1780790769256,1,POST /ai/chat,429,Too Many Requests,3 - [CON RL] Burst 3-3,false,,766,https://localhost:8443/ai/chat/,1
1780790769257,1,POST /ai/chat,429,Too Many Requests,3 - [CON RL] Burst 3-3,false,,766,https://localhost:8443/ai/chat/,1
1780790769258,1,POST /ai/chat,429,Too Many Requests,3 - [CON RL] Burst 3-3,false,,766,https://localhost:8443/ai/chat/,1
1780790769259,1,POST /ai/chat,429,Too Many Requests,3 - [CON RL] Burst 3-3,false,,766,https://localhost:8443/ai/chat/,1
1780790768483,1116,POST /ai/chat,200,OK,3 - [CON RL] Burst 3-9,true,,1311,https://localhost:8443/ai/chat/,1116
1780790769599,1686,POST /ai/chat,200,OK,3 - [CON RL] Burst 3-9,true,,1455,https://localhost:8443/ai/chat/,1686
1780790771286,2,POST /ai/chat,429,Too Many Requests,3 - [CON RL] Burst 3-9,false,,815,https://localhost:8443/ai/chat/,2
1780790771288,1,POST /ai/chat,429,Too Many Requests,3 - [CON RL] Burst 3-9,false,,766,https://localhost:8443/ai/chat/,1
1780790771289,1,POST /ai/chat,429,Too Many Requests,3 - [CON RL] Burst 3-9,false,,766,https://localhost:8443/ai/chat/,1
