1780790772980,6,POST /ai/chat,429,Too Many Requests,1 - [CON RL] Normal Traffic 1-2,false,,766,https://localhost:8443/ai/chat/,6
1780790774987,2,POST /ai/chat,429,Too Many Requests,1 - [CON RL] Normal Traffic 1-2,false,,815,https://localhost:8443/ai/chat/,2
1780790776989,2,POST /ai/chat,429,Too Many Requests,1 - [CON RL] Normal Traffic 1-2,false,,766,https://localhost:8443/ai/chat/,2
1780790770481,6682,POST /ai/chat,200,OK,1 - [CON RL] Normal Traffic 1-1,true,,739,https://localhost:8443/ai/chat/,6682
1780790778993,4,POST /ai/chat,429,Too Many Requests,1 - [CON RL] Normal Traffic 1-2,false,,815,https://localhost:8443/ai/chat/,4
1780790779164,3,POST /ai/chat,429,Too Many Requests,1 - [CON RL] Normal Traffic 1-1,false,,815,https://localhost:8443/ai/chat/,3
1780790780997,2,POST /ai/chat,429,Too Many Requests,1 - [CON RL] Normal Traffic 1-2,false,,766,https://localhost:8443/ai/chat/,2
1780790781168,4,POST /ai/chat,429,Too Many Requests,1 - [CON RL] Normal Traffic 1-1,false,,815,https://localhost:8443/ai/chat/,4
1780790783173,3,POST /ai/chat,429,Too Many Requests,1 - [CON RL] Normal Traffic 1-1,false,,815,https://localhost:8443/ai/chat/,3
1780790785176,3,POST /ai/chat,429,Too Many Requests,1 - [CON RL] Normal Traffic 1-1,false,,815,https://localhost:8443/ai/chat/,3
