1780790768495,27,POST /ai/chat,429,Too Many Requests,4 - [CON RL] Sustained 4-1,false,,766,https://localhost:8443/ai/chat/,27
1780790768522,2,POST /ai/chat,429,Too Many Requests,4 - [CON RL] Sustained 4-1,false,,766,https://localhost:8443/ai/chat/,2
1780790768524,3,POST /ai/chat,429,Too Many Requests,4 - [CON RL] Sustained 4-1,false,,766,https://localhost:8443/ai/chat/,3
1780790768528,5,POST /ai/chat,429,Too Many Requests,4 - [CON RL] Sustained 4-1,false,,766,https://localhost:8443/ai/chat/,5
1780790768533,4,POST /ai/chat,429,Too Many Requests,4 - [CON RL] Sustained 4-1,false,,766,https://localhost:8443/ai/chat/,4
1780790768537,2,POST /ai/chat,429,Too Many Requests,4 - [CON RL] Sustained 4-1,false,,766,https://localhost:8443/ai/chat/,2
1780790768539,2,POST /ai/chat,429,Too Many Requests,4 - [CON RL] Sustained 4-1,false,,766,https://localhost:8443/ai/chat/,2
1780790768541,3,POST /ai/chat,429,Too Many Requests,4 - [CON RL] Sustained 4-1,false,,766,https://localhost:8443/ai/chat/,3
1780790768545,2,POST /ai/chat,429,Too Many Requests,4 - [CON RL] Sustained 4-1,false,,766,https://localhost:8443/ai/chat/,2
1780790768547,2,POST /ai/chat,429,Too Many Requests,4 - [CON RL] Sustained 4-1,false,,766,https://localhost:8443/ai/chat/,2
1780790768549,1,POST /ai/chat,429,Too Many Requests,4 - [CON RL] Sustained 4-1,false,,766,https://localhost:8443/ai/chat/,1
1780790768551,1,POST /ai/chat,429,Too Many Requests,4 - [CON RL] Sustained 4-1,false,,766,https://localhost:8443/ai/chat/,1
1780790768552,2,POST /ai/chat,429,Too Many Requests,4 - [CON RL] Sustained 4-1,false,,766,https://localhost:8443/ai/chat/,2
1780790768554,2,POST /ai/chat,429,Too Many Requests,4 - [CON RL] Sustained 4-1,false,,766,https://localhost:8443/ai/chat/,2
1780790768556,2,POST /ai/chat,429,Too Many Requests,4 - [CON RL] Sustained 4-1,false,,766,https://localhost:8443/ai/chat/,2
1780790768558,1,POST /ai/chat,429,Too Many Requests,4 - [CON RL] Sustained 4-1,false,,766,https://localhost:8443/ai/chat/,1
1780790768560,1,POST /ai/chat,429,Too Many Requests,4 - [CON RL] Sustained 4-1,false,,766,https://localhost:8443/ai/chat/,1
1780790768562,1,POST /ai/chat,429,Too Many Requests,4 - [CON RL] Sustained 4-1,false,,766,https://localhost:8443/ai/chat/,1
1780790768563,1,POST /ai/chat,429,Too Many Requests,4 - [CON RL] Sustained 4-1,false,,766,https://localhost:8443/ai/chat/,1
1780790768564,1,POST /ai/chat,429,Too Many Requests,4 - [CON RL] Sustained 4-1,false,,766,https://localhost:8443/ai/chat/,1
1780790772495,8,POST /ai/chat,429,Too Many Requests,4 - [CON RL] Sustained 4-2,false,,815,https://localhost:8443/ai/chat/,8
1780790772504,2,POST /ai/chat,429,Too Many Requests,4 - [CON RL] Sustained 4-2,false,,815,https://localhost:8443/ai/chat/,2
1780790772506,2,POST /ai/chat,429,Too Many Requests,4 - [CON RL] Sustained 4-2,false,,815,https://localhost:8443/ai/chat/,2
1780790772508,1,POST /ai/chat,429,Too Many Requests,4 - [CON RL] Sustained 4-2,false,,766,https://localhost:8443/ai/chat/,1
1780790772509,0,POST /ai/chat,429,Too Many Requests,4 - [CON RL] Sustained 4-2,false,,766,https://localhost:8443/ai/chat/,0
1780790772510,0,POST /ai/chat,429,Too Many Requests,4 - [CON RL] Sustained 4-2,false,,766,https://localhost:8443/ai/chat/,0
1780790772510,1,POST /ai/chat,429,Too Many Requests,4 - [CON RL] Sustained 4-2,false,,766,https://localhost:8443/ai/chat/,1
1780790772511,1,POST /ai/chat,429,Too Many Requests,4 - [CON RL] Sustained 4-2,false,,766,https://localhost:8443/ai/chat/,1
1780790772512,1,POST /ai/chat,429,Too Many Requests,4 - [CON RL] Sustained 4-2,false,,766,https://localhost:8443/ai/chat/,1
1780790772513,0,POST /ai/chat,429,Too Many Requests,4 - [CON RL] Sustained 4-2,false,,766,https://localhost:8443/ai/chat/,0
1780790772514,0,POST /ai/chat,429,Too Many Requests,4 - [CON RL] Sustained 4-2,false,,766,https://localhost:8443/ai/chat/,0
1780790772514,1,POST /ai/chat,429,Too Many Requests,4 - [CON RL] Sustained 4-2,false,,766,https://localhost:8443/ai/chat/,1
1780790772515,1,POST /ai/chat,429,Too Many Requests,4 - [CON RL] Sustained 4-2,false,,766,https://localhost:8443/ai/chat/,1
1780790772516,1,POST /ai/chat,429,Too Many Requests,4 - [CON RL] Sustained 4-2,false,,766,https://localhost:8443/ai/chat/,1
1780790772517,1,POST /ai/chat,429,Too Many Requests,4 - [CON RL] Sustained 4-2,false,,766,https://localhost:8443/ai/chat/,1
1780790772518,1,POST /ai/chat,429,Too Many Requests,4 - [CON RL] Sustained 4-2,false,,766,https://localhost:8443/ai/chat/,1
1780790772519,1,POST /ai/chat,429,Too Many Requests,4 - [CON RL] Sustained 4-2,false,,766,https://localhost:8443/ai/chat/,1
1780790772520,0,POST /ai/chat,429,Too Many Requests,4 - [CON RL] Sustained 4-2,false,,766,https://localhost:8443/ai/chat/,0
1780790772520,1,POST /ai/chat,429,Too Many Requests,4 - [CON RL] Sustained 4-2,false,,766,https://localhost:8443/ai/chat/,1
1780790772521,1,POST /ai/chat,429,Too Many Requests,4 - [CON RL] Sustained 4-2,false,,766,https://localhost:8443/ai/chat/,1
1780790776497,10,POST /ai/chat,429,Too Many Requests,4 - [CON RL] Sustained 4-3,false,,815,https://localhost:8443/ai/chat/,10
1780790776507,4,POST /ai/chat,429,Too Many Requests,4 - [CON RL] Sustained 4-3,false,,815,https://localhost:8443/ai/chat/,4
1780790776511,2,POST /ai/chat,429,Too Many Requests,4 - [CON RL] Sustained 4-3,false,,815,https://localhost:8443/ai/chat/,2
1780790776514,2,POST /ai/chat,429,Too Many Requests,4 - [CON RL] Sustained 4-3,false,,815,https://localhost:8443/ai/chat/,2
1780790776516,3,POST /ai/chat,429,Too Many Requests,4 - [CON RL] Sustained 4-3,false,,815,https://localhost:8443/ai/chat/,3
1780790776519,4,POST /ai/chat,429,Too Many Requests,4 - [CON RL] Sustained 4-3,false,,815,https://localhost:8443/ai/chat/,4
1780790776523,1,POST /ai/chat,429,Too Many Requests,4 - [CON RL] Sustained 4-3,false,,766,https://localhost:8443/ai/chat/,1
1780790776524,1,POST /ai/chat,429,Too Many Requests,4 - [CON RL] Sustained 4-3,false,,766,https://localhost:8443/ai/chat/,1
1780790776525,1,POST /ai/chat,429,Too Many Requests,4 - [CON RL] Sustained 4-3,false,,766,https://localhost:8443/ai/chat/,1
1780790776526,2,POST /ai/chat,429,Too Many Requests,4 - [CON RL] Sustained 4-3,false,,766,https://localhost:8443/ai/chat/,2
1780790776528,1,POST /ai/chat,429,Too Many Requests,4 - [CON RL] Sustained 4-3,false,,766,https://localhost:8443/ai/chat/,1
1780790776529,1,POST /ai/chat,429,Too Many Requests,4 - [CON RL] Sustained 4-3,false,,766,https://localhost:8443/ai/chat/,1
1780790776530,1,POST /ai/chat,429,Too Many Requests,4 - [CON RL] Sustained 4-3,false,,766,https://localhost:8443/ai/chat/,1
1780790776531,1,POST /ai/chat,429,Too Many Requests,4 - [CON RL] Sustained 4-3,false,,766,https://localhost:8443/ai/chat/,1
1780790776532,1,POST /ai/chat,429,Too Many Requests,4 - [CON RL] Sustained 4-3,false,,766,https://localhost:8443/ai/chat/,1
1780790776533,1,POST /ai/chat,429,Too Many Requests,4 - [CON RL] Sustained 4-3,false,,766,https://localhost:8443/ai/chat/,1
1780790776534,2,POST /ai/chat,429,Too Many Requests,4 - [CON RL] Sustained 4-3,false,,766,https://localhost:8443/ai/chat/,2
1780790776536,1,POST /ai/chat,429,Too Many Requests,4 - [CON RL] Sustained 4-3,false,,766,https://localhost:8443/ai/chat/,1
1780790776537,1,POST /ai/chat,429,Too Many Requests,4 - [CON RL] Sustained 4-3,false,,766,https://localhost:8443/ai/chat/,1
1780790776539,0,POST /ai/chat,429,Too Many Requests,4 - [CON RL] Sustained 4-3,false,,766,https://localhost:8443/ai/chat/,0
1780790780497,8,POST /ai/chat,429,Too Many Requests,4 - [CON RL] Sustained 4-4,false,,815,https://localhost:8443/ai/chat/,8
1780790780506,2,POST /ai/chat,429,Too Many Requests,4 - [CON RL] Sustained 4-4,false,,815,https://localhost:8443/ai/chat/,2
1780790780508,2,POST /ai/chat,429,Too Many Requests,4 - [CON RL] Sustained 4-4,false,,815,https://localhost:8443/ai/chat/,2
1780790780510,2,POST /ai/chat,429,Too Many Requests,4 - [CON RL] Sustained 4-4,false,,815,https://localhost:8443/ai/chat/,2
1780790780512,2,POST /ai/chat,429,Too Many Requests,4 - [CON RL] Sustained 4-4,false,,815,https://localhost:8443/ai/chat/,2
1780790780514,1,POST /ai/chat,429,Too Many Requests,4 - [CON RL] Sustained 4-4,false,,766,https://localhost:8443/ai/chat/,1
1780790780515,1,POST /ai/chat,429,Too Many Requests,4 - [CON RL] Sustained 4-4,false,,766,https://localhost:8443/ai/chat/,1
1780790780516,1,POST /ai/chat,429,Too Many Requests,4 - [CON RL] Sustained 4-4,false,,766,https://localhost:8443/ai/chat/,1
1780790780517,0,POST /ai/chat,429,Too Many Requests,4 - [CON RL] Sustained 4-4,false,,766,https://localhost:8443/ai/chat/,0
1780790780518,0,POST /ai/chat,429,Too Many Requests,4 - [CON RL] Sustained 4-4,false,,766,https://localhost:8443/ai/chat/,0
1780790780518,1,POST /ai/chat,429,Too Many Requests,4 - [CON RL] Sustained 4-4,false,,766,https://localhost:8443/ai/chat/,1
1780790780519,1,POST /ai/chat,429,Too Many Requests,4 - [CON RL] Sustained 4-4,false,,766,https://localhost:8443/ai/chat/,1
1780790780520,1,POST /ai/chat,429,Too Many Requests,4 - [CON RL] Sustained 4-4,false,,766,https://localhost:8443/ai/chat/,1
1780790780521,0,POST /ai/chat,429,Too Many Requests,4 - [CON RL] Sustained 4-4,false,,766,https://localhost:8443/ai/chat/,0
1780790780521,1,POST /ai/chat,429,Too Many Requests,4 - [CON RL] Sustained 4-4,false,,766,https://localhost:8443/ai/chat/,1
1780790780522,1,POST /ai/chat,429,Too Many Requests,4 - [CON RL] Sustained 4-4,false,,766,https://localhost:8443/ai/chat/,1
1780790780523,1,POST /ai/chat,429,Too Many Requests,4 - [CON RL] Sustained 4-4,false,,766,https://localhost:8443/ai/chat/,1
1780790780524,0,POST /ai/chat,429,Too Many Requests,4 - [CON RL] Sustained 4-4,false,,766,https://localhost:8443/ai/chat/,0
1780790780524,1,POST /ai/chat,429,Too Many Requests,4 - [CON RL] Sustained 4-4,false,,766,https://localhost:8443/ai/chat/,1
1780790780525,1,POST /ai/chat,429,Too Many Requests,4 - [CON RL] Sustained 4-4,false,,766,https://localhost:8443/ai/chat/,1
1780790784497,8,POST /ai/chat,429,Too Many Requests,4 - [CON RL] Sustained 4-5,false,,815,https://localhost:8443/ai/chat/,8
1780790784505,2,POST /ai/chat,429,Too Many Requests,4 - [CON RL] Sustained 4-5,false,,815,https://localhost:8443/ai/chat/,2
1780790784507,2,POST /ai/chat,429,Too Many Requests,4 - [CON RL] Sustained 4-5,false,,815,https://localhost:8443/ai/chat/,2
1780790784509,2,POST /ai/chat,429,Too Many Requests,4 - [CON RL] Sustained 4-5,false,,815,https://localhost:8443/ai/chat/,2
1780790784511,2,POST /ai/chat,429,Too Many Requests,4 - [CON RL] Sustained 4-5,false,,815,https://localhost:8443/ai/chat/,2
1780790784513,2,POST /ai/chat,429,Too Many Requests,4 - [CON RL] Sustained 4-5,false,,815,https://localhost:8443/ai/chat/,2
1780790784515,1,POST /ai/chat,429,Too Many Requests,4 - [CON RL] Sustained 4-5,false,,766,https://localhost:8443/ai/chat/,1
1780790784516,1,POST /ai/chat,429,Too Many Requests,4 - [CON RL] Sustained 4-5,false,,766,https://localhost:8443/ai/chat/,1
1780790784517,0,POST /ai/chat,429,Too Many Requests,4 - [CON RL] Sustained 4-5,false,,766,https://localhost:8443/ai/chat/,0
1780790784517,1,POST /ai/chat,429,Too Many Requests,4 - [CON RL] Sustained 4-5,false,,766,https://localhost:8443/ai/chat/,1
1780790784518,1,POST /ai/chat,429,Too Many Requests,4 - [CON RL] Sustained 4-5,false,,766,https://localhost:8443/ai/chat/,1
1780790784519,0,POST /ai/chat,429,Too Many Requests,4 - [CON RL] Sustained 4-5,false,,766,https://localhost:8443/ai/chat/,0
1780790784519,1,POST /ai/chat,429,Too Many Requests,4 - [CON RL] Sustained 4-5,false,,766,https://localhost:8443/ai/chat/,1
1780790784520,1,POST /ai/chat,429,Too Many Requests,4 - [CON RL] Sustained 4-5,false,,766,https://localhost:8443/ai/chat/,1
1780790784521,1,POST /ai/chat,429,Too Many Requests,4 - [CON RL] Sustained 4-5,false,,766,https://localhost:8443/ai/chat/,1
1780790784522,0,POST /ai/chat,429,Too Many Requests,4 - [CON RL] Sustained 4-5,false,,766,https://localhost:8443/ai/chat/,0
1780790784522,1,POST /ai/chat,429,Too Many Requests,4 - [CON RL] Sustained 4-5,false,,766,https://localhost:8443/ai/chat/,1
1780790784523,1,POST /ai/chat,429,Too Many Requests,4 - [CON RL] Sustained 4-5,false,,766,https://localhost:8443/ai/chat/,1
1780790784524,0,POST /ai/chat,429,Too Many Requests,4 - [CON RL] Sustained 4-5,false,,766,https://localhost:8443/ai/chat/,0
1780790784524,1,POST /ai/chat,429,Too Many Requests,4 - [CON RL] Sustained 4-5,false,,766,https://localhost:8443/ai/chat/,1
1780790788498,8,POST /ai/chat,429,Too Many Requests,4 - [CON RL] Sustained 4-6,false,,815,https://localhost:8443/ai/chat/,8
1780790788506,3,POST /ai/chat,429,Too Many Requests,4 - [CON RL] Sustained 4-6,false,,815,https://localhost:8443/ai/chat/,3
1780790788510,4,POST /ai/chat,429,Too Many Requests,4 - [CON RL] Sustained 4-6,false,,815,https://localhost:8443/ai/chat/,4
1780790788515,4,POST /ai/chat,429,Too Many Requests,4 - [CON RL] Sustained 4-6,false,,815,https://localhost:8443/ai/chat/,4
1780790788519,4,POST /ai/chat,429,Too Many Requests,4 - [CON RL] Sustained 4-6,false,,815,https://localhost:8443/ai/chat/,4
1780790788523,8,POST /ai/chat,429,Too Many Requests,4 - [CON RL] Sustained 4-6,false,,815,https://localhost:8443/ai/chat/,8
1780790788532,1,POST /ai/chat,429,Too Many Requests,4 - [CON RL] Sustained 4-6,false,,766,https://localhost:8443/ai/chat/,1
1780790788533,1,POST /ai/chat,429,Too Many Requests,4 - [CON RL] Sustained 4-6,false,,766,https://localhost:8443/ai/chat/,1
1780790788534,1,POST /ai/chat,429,Too Many Requests,4 - [CON RL] Sustained 4-6,false,,766,https://localhost:8443/ai/chat/,1
1780790788535,1,POST /ai/chat,429,Too Many Requests,4 - [CON RL] Sustained 4-6,false,,766,https://localhost:8443/ai/chat/,1
1780790788536,2,POST /ai/chat,429,Too Many Requests,4 - [CON RL] Sustained 4-6,false,,766,https://localhost:8443/ai/chat/,2
1780790788538,2,POST /ai/chat,429,Too Many Requests,4 - [CON RL] Sustained 4-6,false,,766,https://localhost:8443/ai/chat/,2
1780790788540,1,POST /ai/chat,429,Too Many Requests,4 - [CON RL] Sustained 4-6,false,,766,https://localhost:8443/ai/chat/,1
1780790788541,2,POST /ai/chat,429,Too Many Requests,4 - [CON RL] Sustained 4-6,false,,766,https://localhost:8443/ai/chat/,2
1780790788543,1,POST /ai/chat,429,Too Many Requests,4 - [CON RL] Sustained 4-6,false,,766,https://localhost:8443/ai/chat/,1
1780790788545,2,POST /ai/chat,429,Too Many Requests,4 - [CON RL] Sustained 4-6,false,,766,https://localhost:8443/ai/chat/,2
1780790788547,1,POST /ai/chat,429,Too Many Requests,4 - [CON RL] Sustained 4-6,false,,766,https://localhost:8443/ai/chat/,1
1780790788548,1,POST /ai/chat,429,Too Many Requests,4 - [CON RL] Sustained 4-6,false,,766,https://localhost:8443/ai/chat/,1
1780790788549,1,POST /ai/chat,429,Too Many Requests,4 - [CON RL] Sustained 4-6,false,,766,https://localhost:8443/ai/chat/,1
1780790788550,1,POST /ai/chat,429,Too Many Requests,4 - [CON RL] Sustained 4-6,false,,766,https://localhost:8443/ai/chat/,1
1780790792498,14,POST /ai/chat,429,Too Many Requests,4 - [CON RL] Sustained 4-7,false,,815,https://localhost:8443/ai/chat/,14
1780790792513,2,POST /ai/chat,429,Too Many Requests,4 - [CON RL] Sustained 4-7,false,,815,https://localhost:8443/ai/chat/,2
1780790792516,4,POST /ai/chat,429,Too Many Requests,4 - [CON RL] Sustained 4-7,false,,815,https://localhost:8443/ai/chat/,4
1780790792520,4,POST /ai/chat,429,Too Many Requests,4 - [CON RL] Sustained 4-7,false,,815,https://localhost:8443/ai/chat/,4
1780790792525,3,POST /ai/chat,429,Too Many Requests,4 - [CON RL] Sustained 4-7,false,,815,https://localhost:8443/ai/chat/,3
1780790792529,2,POST /ai/chat,429,Too Many Requests,4 - [CON RL] Sustained 4-7,false,,815,https://localhost:8443/ai/chat/,2
1780790792531,1,POST /ai/chat,429,Too Many Requests,4 - [CON RL] Sustained 4-7,false,,766,https://localhost:8443/ai/chat/,1
1780790792533,1,POST /ai/chat,429,Too Many Requests,4 - [CON RL] Sustained 4-7,false,,766,https://localhost:8443/ai/chat/,1
1780790792534,1,POST /ai/chat,429,Too Many Requests,4 - [CON RL] Sustained 4-7,false,,766,https://localhost:8443/ai/chat/,1
1780790792535,1,POST /ai/chat,429,Too Many Requests,4 - [CON RL] Sustained 4-7,false,,766,https://localhost:8443/ai/chat/,1
1780790792536,3,POST /ai/chat,429,Too Many Requests,4 - [CON RL] Sustained 4-7,false,,766,https://localhost:8443/ai/chat/,3
1780790792539,1,POST /ai/chat,429,Too Many Requests,4 - [CON RL] Sustained 4-7,false,,766,https://localhost:8443/ai/chat/,1
1780790792540,1,POST /ai/chat,429,Too Many Requests,4 - [CON RL] Sustained 4-7,false,,766,https://localhost:8443/ai/chat/,1
1780790792541,2,POST /ai/chat,429,Too Many Requests,4 - [CON RL] Sustained 4-7,false,,766,https://localhost:8443/ai/chat/,2
1780790792543,2,POST /ai/chat,429,Too Many Requests,4 - [CON RL] Sustained 4-7,false,,766,https://localhost:8443/ai/chat/,2
1780790792546,2,POST /ai/chat,429,Too Many Requests,4 - [CON RL] Sustained 4-7,false,,766,https://localhost:8443/ai/chat/,2
1780790792549,2,POST /ai/chat,429,Too Many Requests,4 - [CON RL] Sustained 4-7,false,,766,https://localhost:8443/ai/chat/,2
1780790792551,3,POST /ai/chat,429,Too Many Requests,4 - [CON RL] Sustained 4-7,false,,766,https://localhost:8443/ai/chat/,3
1780790792554,2,POST /ai/chat,429,Too Many Requests,4 - [CON RL] Sustained 4-7,false,,766,https://localhost:8443/ai/chat/,2
1780790792556,3,POST /ai/chat,429,Too Many Requests,4 - [CON RL] Sustained 4-7,false,,766,https://localhost:8443/ai/chat/,3
1780790796498,13,POST /ai/chat,429,Too Many Requests,4 - [CON RL] Sustained 4-8,false,,815,https://localhost:8443/ai/chat/,13
1780790796512,4,POST /ai/chat,429,Too Many Requests,4 - [CON RL] Sustained 4-8,false,,815,https://localhost:8443/ai/chat/,4
1780790796517,3,POST /ai/chat,429,Too Many Requests,4 - [CON RL] Sustained 4-8,false,,815,https://localhost:8443/ai/chat/,3
1780790796521,3,POST /ai/chat,429,Too Many Requests,4 - [CON RL] Sustained 4-8,false,,815,https://localhost:8443/ai/chat/,2
1780790796524,3,POST /ai/chat,429,Too Many Requests,4 - [CON RL] Sustained 4-8,false,,815,https://localhost:8443/ai/chat/,3
1780790796527,2,POST /ai/chat,429,Too Many Requests,4 - [CON RL] Sustained 4-8,false,,815,https://localhost:8443/ai/chat/,2
1780790796530,1,POST /ai/chat,429,Too Many Requests,4 - [CON RL] Sustained 4-8,false,,766,https://localhost:8443/ai/chat/,1
1780790796531,1,POST /ai/chat,429,Too Many Requests,4 - [CON RL] Sustained 4-8,false,,766,https://localhost:8443/ai/chat/,1
1780790796532,1,POST /ai/chat,429,Too Many Requests,4 - [CON RL] Sustained 4-8,false,,766,https://localhost:8443/ai/chat/,1
1780790796533,1,POST /ai/chat,429,Too Many Requests,4 - [CON RL] Sustained 4-8,false,,766,https://localhost:8443/ai/chat/,1
1780790796534,1,POST /ai/chat,429,Too Many Requests,4 - [CON RL] Sustained 4-8,false,,766,https://localhost:8443/ai/chat/,1
1780790796535,1,POST /ai/chat,429,Too Many Requests,4 - [CON RL] Sustained 4-8,false,,766,https://localhost:8443/ai/chat/,1
1780790796536,2,POST /ai/chat,429,Too Many Requests,4 - [CON RL] Sustained 4-8,false,,766,https://localhost:8443/ai/chat/,2
1780790796538,2,POST /ai/chat,429,Too Many Requests,4 - [CON RL] Sustained 4-8,false,,766,https://localhost:8443/ai/chat/,2
1780790796540,1,POST /ai/chat,429,Too Many Requests,4 - [CON RL] Sustained 4-8,false,,766,https://localhost:8443/ai/chat/,1
1780790796541,1,POST /ai/chat,429,Too Many Requests,4 - [CON RL] Sustained 4-8,false,,766,https://localhost:8443/ai/chat/,1
1780790796542,2,POST /ai/chat,429,Too Many Requests,4 - [CON RL] Sustained 4-8,false,,766,https://localhost:8443/ai/chat/,2
1780790796544,1,POST /ai/chat,429,Too Many Requests,4 - [CON RL] Sustained 4-8,false,,766,https://localhost:8443/ai/chat/,1
1780790796545,2,POST /ai/chat,429,Too Many Requests,4 - [CON RL] Sustained 4-8,false,,766,https://localhost:8443/ai/chat/,2
1780790796547,1,POST /ai/chat,429,Too Many Requests,4 - [CON RL] Sustained 4-8,false,,766,https://localhost:8443/ai/chat/,0
1780790800496,7,POST /ai/chat,429,Too Many Requests,4 - [CON RL] Sustained 4-9,false,,815,https://localhost:8443/ai/chat/,7
1780790800503,2,POST /ai/chat,429,Too Many Requests,4 - [CON RL] Sustained 4-9,false,,815,https://localhost:8443/ai/chat/,2
1780790800506,2,POST /ai/chat,429,Too Many Requests,4 - [CON RL] Sustained 4-9,false,,815,https://localhost:8443/ai/chat/,2
1780790800508,2,POST /ai/chat,429,Too Many Requests,4 - [CON RL] Sustained 4-9,false,,815,https://localhost:8443/ai/chat/,2
1780790800510,3,POST /ai/chat,429,Too Many Requests,4 - [CON RL] Sustained 4-9,false,,815,https://localhost:8443/ai/chat/,3
1780790800513,2,POST /ai/chat,429,Too Many Requests,4 - [CON RL] Sustained 4-9,false,,815,https://localhost:8443/ai/chat/,2
1780790800516,0,POST /ai/chat,429,Too Many Requests,4 - [CON RL] Sustained 4-9,false,,766,https://localhost:8443/ai/chat/,0
1780790800516,1,POST /ai/chat,429,Too Many Requests,4 - [CON RL] Sustained 4-9,false,,766,https://localhost:8443/ai/chat/,1
1780790800517,1,POST /ai/chat,429,Too Many Requests,4 - [CON RL] Sustained 4-9,false,,766,https://localhost:8443/ai/chat/,1
1780790800518,1,POST /ai/chat,429,Too Many Requests,4 - [CON RL] Sustained 4-9,false,,766,https://localhost:8443/ai/chat/,1
1780790800519,0,POST /ai/chat,429,Too Many Requests,4 - [CON RL] Sustained 4-9,false,,766,https://localhost:8443/ai/chat/,0
1780790800519,1,POST /ai/chat,429,Too Many Requests,4 - [CON RL] Sustained 4-9,false,,766,https://localhost:8443/ai/chat/,1
1780790800520,1,POST /ai/chat,429,Too Many Requests,4 - [CON RL] Sustained 4-9,false,,766,https://localhost:8443/ai/chat/,1
1780790800521,0,POST /ai/chat,429,Too Many Requests,4 - [CON RL] Sustained 4-9,false,,766,https://localhost:8443/ai/chat/,0
1780790800522,0,POST /ai/chat,429,Too Many Requests,4 - [CON RL] Sustained 4-9,false,,766,https://localhost:8443/ai/chat/,0
1780790800522,1,POST /ai/chat,429,Too Many Requests,4 - [CON RL] Sustained 4-9,false,,766,https://localhost:8443/ai/chat/,1
1780790800523,1,POST /ai/chat,429,Too Many Requests,4 - [CON RL] Sustained 4-9,false,,766,https://localhost:8443/ai/chat/,1
1780790800524,0,POST /ai/chat,429,Too Many Requests,4 - [CON RL] Sustained 4-9,false,,766,https://localhost:8443/ai/chat/,0
1780790800524,1,POST /ai/chat,429,Too Many Requests,4 - [CON RL] Sustained 4-9,false,,766,https://localhost:8443/ai/chat/,1
1780790800525,1,POST /ai/chat,429,Too Many Requests,4 - [CON RL] Sustained 4-9,false,,766,https://localhost:8443/ai/chat/,1
1780790804495,8,POST /ai/chat,429,Too Many Requests,4 - [CON RL] Sustained 4-10,false,,815,https://localhost:8443/ai/chat/,8
1780790804503,3,POST /ai/chat,429,Too Many Requests,4 - [CON RL] Sustained 4-10,false,,815,https://localhost:8443/ai/chat/,3
1780790804506,3,POST /ai/chat,429,Too Many Requests,4 - [CON RL] Sustained 4-10,false,,815,https://localhost:8443/ai/chat/,3
1780790804509,2,POST /ai/chat,429,Too Many Requests,4 - [CON RL] Sustained 4-10,false,,815,https://localhost:8443/ai/chat/,2
1780790804511,3,POST /ai/chat,429,Too Many Requests,4 - [CON RL] Sustained 4-10,false,,815,https://localhost:8443/ai/chat/,3
1780790804514,3,POST /ai/chat,429,Too Many Requests,4 - [CON RL] Sustained 4-10,false,,815,https://localhost:8443/ai/chat/,3
1780790804517,1,POST /ai/chat,429,Too Many Requests,4 - [CON RL] Sustained 4-10,false,,766,https://localhost:8443/ai/chat/,1
1780790804518,1,POST /ai/chat,429,Too Many Requests,4 - [CON RL] Sustained 4-10,false,,766,https://localhost:8443/ai/chat/,1
1780790804519,1,POST /ai/chat,429,Too Many Requests,4 - [CON RL] Sustained 4-10,false,,766,https://localhost:8443/ai/chat/,1
1780790804521,1,POST /ai/chat,429,Too Many Requests,4 - [CON RL] Sustained 4-10,false,,766,https://localhost:8443/ai/chat/,1
1780790804522,1,POST /ai/chat,429,Too Many Requests,4 - [CON RL] Sustained 4-10,false,,766,https://localhost:8443/ai/chat/,1
1780790804523,1,POST /ai/chat,429,Too Many Requests,4 - [CON RL] Sustained 4-10,false,,766,https://localhost:8443/ai/chat/,1
1780790804524,1,POST /ai/chat,429,Too Many Requests,4 - [CON RL] Sustained 4-10,false,,766,https://localhost:8443/ai/chat/,1
1780790804525,2,POST /ai/chat,429,Too Many Requests,4 - [CON RL] Sustained 4-10,false,,766,https://localhost:8443/ai/chat/,2
1780790804527,2,POST /ai/chat,429,Too Many Requests,4 - [CON RL] Sustained 4-10,false,,766,https://localhost:8443/ai/chat/,2
1780790804529,2,POST /ai/chat,429,Too Many Requests,4 - [CON RL] Sustained 4-10,false,,766,https://localhost:8443/ai/chat/,2
1780790804531,2,POST /ai/chat,429,Too Many Requests,4 - [CON RL] Sustained 4-10,false,,766,https://localhost:8443/ai/chat/,2
1780790804533,2,POST /ai/chat,429,Too Many Requests,4 - [CON RL] Sustained 4-10,false,,766,https://localhost:8443/ai/chat/,2
1780790804535,2,POST /ai/chat,429,Too Many Requests,4 - [CON RL] Sustained 4-10,false,,766,https://localhost:8443/ai/chat/,2
1780790804537,2,POST /ai/chat,429,Too Many Requests,4 - [CON RL] Sustained 4-10,false,,766,https://localhost:8443/ai/chat/,2
1780790808495,11,POST /ai/chat,429,Too Many Requests,4 - [CON RL] Sustained 4-11,false,,815,https://localhost:8443/ai/chat/,11
1780790808507,3,POST /ai/chat,429,Too Many Requests,4 - [CON RL] Sustained 4-11,false,,815,https://localhost:8443/ai/chat/,3
1780790808510,4,POST /ai/chat,429,Too Many Requests,4 - [CON RL] Sustained 4-11,false,,815,https://localhost:8443/ai/chat/,4
1780790808514,3,POST /ai/chat,429,Too Many Requests,4 - [CON RL] Sustained 4-11,false,,815,https://localhost:8443/ai/chat/,3
1780790808517,6,POST /ai/chat,429,Too Many Requests,4 - [CON RL] Sustained 4-11,false,,815,https://localhost:8443/ai/chat/,6
1780790808523,5,POST /ai/chat,429,Too Many Requests,4 - [CON RL] Sustained 4-11,false,,815,https://localhost:8443/ai/chat/,5
1780790808529,2,POST /ai/chat,429,Too Many Requests,4 - [CON RL] Sustained 4-11,false,,766,https://localhost:8443/ai/chat/,2
1780790808531,2,POST /ai/chat,429,Too Many Requests,4 - [CON RL] Sustained 4-11,false,,766,https://localhost:8443/ai/chat/,2
1780790808533,2,POST /ai/chat,429,Too Many Requests,4 - [CON RL] Sustained 4-11,false,,766,https://localhost:8443/ai/chat/,2
1780790808535,2,POST /ai/chat,429,Too Many Requests,4 - [CON RL] Sustained 4-11,false,,766,https://localhost:8443/ai/chat/,2
1780790808537,1,POST /ai/chat,429,Too Many Requests,4 - [CON RL] Sustained 4-11,false,,766,https://localhost:8443/ai/chat/,1
1780790808538,1,POST /ai/chat,429,Too Many Requests,4 - [CON RL] Sustained 4-11,false,,766,https://localhost:8443/ai/chat/,1
1780790808540,1,POST /ai/chat,429,Too Many Requests,4 - [CON RL] Sustained 4-11,false,,766,https://localhost:8443/ai/chat/,1
1780790808541,1,POST /ai/chat,429,Too Many Requests,4 - [CON RL] Sustained 4-11,false,,766,https://localhost:8443/ai/chat/,1
1780790808542,1,POST /ai/chat,429,Too Many Requests,4 - [CON RL] Sustained 4-11,false,,766,https://localhost:8443/ai/chat/,1
1780790808544,1,POST /ai/chat,429,Too Many Requests,4 - [CON RL] Sustained 4-11,false,,766,https://localhost:8443/ai/chat/,1
1780790808545,1,POST /ai/chat,429,Too Many Requests,4 - [CON RL] Sustained 4-11,false,,766,https://localhost:8443/ai/chat/,1
1780790808546,2,POST /ai/chat,429,Too Many Requests,4 - [CON RL] Sustained 4-11,false,,766,https://localhost:8443/ai/chat/,2
1780790808549,1,POST /ai/chat,429,Too Many Requests,4 - [CON RL] Sustained 4-11,false,,766,https://localhost:8443/ai/chat/,1
1780790808550,2,POST /ai/chat,429,Too Many Requests,4 - [CON RL] Sustained 4-11,false,,766,https://localhost:8443/ai/chat/,2
1780790812494,7,POST /ai/chat,429,Too Many Requests,4 - [CON RL] Sustained 4-12,false,,815,https://localhost:8443/ai/chat/,7
1780790812502,2,POST /ai/chat,429,Too Many Requests,4 - [CON RL] Sustained 4-12,false,,815,https://localhost:8443/ai/chat/,2
1780790812504,3,POST /ai/chat,429,Too Many Requests,4 - [CON RL] Sustained 4-12,false,,815,https://localhost:8443/ai/chat/,3
1780790812507,2,POST /ai/chat,429,Too Many Requests,4 - [CON RL] Sustained 4-12,false,,815,https://localhost:8443/ai/chat/,2
1780790812509,3,POST /ai/chat,429,Too Many Requests,4 - [CON RL] Sustained 4-12,false,,815,https://localhost:8443/ai/chat/,3
1780790812512,3,POST /ai/chat,429,Too Many Requests,4 - [CON RL] Sustained 4-12,false,,815,https://localhost:8443/ai/chat/,3
1780790812515,1,POST /ai/chat,429,Too Many Requests,4 - [CON RL] Sustained 4-12,false,,766,https://localhost:8443/ai/chat/,1
1780790812516,0,POST /ai/chat,429,Too Many Requests,4 - [CON RL] Sustained 4-12,false,,766,https://localhost:8443/ai/chat/,0
1780790812517,0,POST /ai/chat,429,Too Many Requests,4 - [CON RL] Sustained 4-12,false,,766,https://localhost:8443/ai/chat/,0
1780790812517,1,POST /ai/chat,429,Too Many Requests,4 - [CON RL] Sustained 4-12,false,,766,https://localhost:8443/ai/chat/,1
1780790812518,1,POST /ai/chat,429,Too Many Requests,4 - [CON RL] Sustained 4-12,false,,766,https://localhost:8443/ai/chat/,1
1780790812520,0,POST /ai/chat,429,Too Many Requests,4 - [CON RL] Sustained 4-12,false,,766,https://localhost:8443/ai/chat/,0
1780790812520,1,POST /ai/chat,429,Too Many Requests,4 - [CON RL] Sustained 4-12,false,,766,https://localhost:8443/ai/chat/,1
1780790812521,1,POST /ai/chat,429,Too Many Requests,4 - [CON RL] Sustained 4-12,false,,766,https://localhost:8443/ai/chat/,1
1780790812522,1,POST /ai/chat,429,Too Many Requests,4 - [CON RL] Sustained 4-12,false,,766,https://localhost:8443/ai/chat/,1
1780790812523,0,POST /ai/chat,429,Too Many Requests,4 - [CON RL] Sustained 4-12,false,,766,https://localhost:8443/ai/chat/,0
1780790812524,1,POST /ai/chat,429,Too Many Requests,4 - [CON RL] Sustained 4-12,false,,766,https://localhost:8443/ai/chat/,1
1780790812525,1,POST /ai/chat,429,Too Many Requests,4 - [CON RL] Sustained 4-12,false,,766,https://localhost:8443/ai/chat/,1
1780790812526,1,POST /ai/chat,429,Too Many Requests,4 - [CON RL] Sustained 4-12,false,,766,https://localhost:8443/ai/chat/,1
1780790812527,1,POST /ai/chat,429,Too Many Requests,4 - [CON RL] Sustained 4-12,false,,766,https://localhost:8443/ai/chat/,1
1780790816495,11,POST /ai/chat,429,Too Many Requests,4 - [CON RL] Sustained 4-13,false,,815,https://localhost:8443/ai/chat/,11
1780790816506,3,POST /ai/chat,429,Too Many Requests,4 - [CON RL] Sustained 4-13,false,,815,https://localhost:8443/ai/chat/,3
1780790816509,5,POST /ai/chat,429,Too Many Requests,4 - [CON RL] Sustained 4-13,false,,815,https://localhost:8443/ai/chat/,5
1780790816515,4,POST /ai/chat,429,Too Many Requests,4 - [CON RL] Sustained 4-13,false,,815,https://localhost:8443/ai/chat/,3
1780790816519,3,POST /ai/chat,429,Too Many Requests,4 - [CON RL] Sustained 4-13,false,,815,https://localhost:8443/ai/chat/,3
1780790816522,4,POST /ai/chat,429,Too Many Requests,4 - [CON RL] Sustained 4-13,false,,815,https://localhost:8443/ai/chat/,4
1780790816527,1,POST /ai/chat,429,Too Many Requests,4 - [CON RL] Sustained 4-13,false,,766,https://localhost:8443/ai/chat/,1
1780790816528,2,POST /ai/chat,429,Too Many Requests,4 - [CON RL] Sustained 4-13,false,,766,https://localhost:8443/ai/chat/,2
1780790816530,2,POST /ai/chat,429,Too Many Requests,4 - [CON RL] Sustained 4-13,false,,766,https://localhost:8443/ai/chat/,2
1780790816533,0,POST /ai/chat,429,Too Many Requests,4 - [CON RL] Sustained 4-13,false,,766,https://localhost:8443/ai/chat/,0
1780790816534,1,POST /ai/chat,429,Too Many Requests,4 - [CON RL] Sustained 4-13,false,,766,https://localhost:8443/ai/chat/,1
1780790816535,1,POST /ai/chat,429,Too Many Requests,4 - [CON RL] Sustained 4-13,false,,766,https://localhost:8443/ai/chat/,1
1780790816536,0,POST /ai/chat,429,Too Many Requests,4 - [CON RL] Sustained 4-13,false,,766,https://localhost:8443/ai/chat/,0
1780790816537,0,POST /ai/chat,429,Too Many Requests,4 - [CON RL] Sustained 4-13,false,,766,https://localhost:8443/ai/chat/,0
1780790816538,1,POST /ai/chat,429,Too Many Requests,4 - [CON RL] Sustained 4-13,false,,766,https://localhost:8443/ai/chat/,1
1780790816539,2,POST /ai/chat,429,Too Many Requests,4 - [CON RL] Sustained 4-13,false,,766,https://localhost:8443/ai/chat/,2
1780790816541,1,POST /ai/chat,429,Too Many Requests,4 - [CON RL] Sustained 4-13,false,,766,https://localhost:8443/ai/chat/,1
1780790816542,1,POST /ai/chat,429,Too Many Requests,4 - [CON RL] Sustained 4-13,false,,766,https://localhost:8443/ai/chat/,1
1780790816544,1,POST /ai/chat,429,Too Many Requests,4 - [CON RL] Sustained 4-13,false,,766,https://localhost:8443/ai/chat/,1
1780790816545,1,POST /ai/chat,429,Too Many Requests,4 - [CON RL] Sustained 4-13,false,,766,https://localhost:8443/ai/chat/,1
1780790820494,8,POST /ai/chat,429,Too Many Requests,4 - [CON RL] Sustained 4-14,false,,815,https://localhost:8443/ai/chat/,8
1780790820502,3,POST /ai/chat,429,Too Many Requests,4 - [CON RL] Sustained 4-14,false,,815,https://localhost:8443/ai/chat/,3
1780790820505,2,POST /ai/chat,429,Too Many Requests,4 - [CON RL] Sustained 4-14,false,,815,https://localhost:8443/ai/chat/,2
1780790820507,2,POST /ai/chat,429,Too Many Requests,4 - [CON RL] Sustained 4-14,false,,815,https://localhost:8443/ai/chat/,2
1780790820509,2,POST /ai/chat,429,Too Many Requests,4 - [CON RL] Sustained 4-14,false,,815,https://localhost:8443/ai/chat/,2
1780790820511,2,POST /ai/chat,429,Too Many Requests,4 - [CON RL] Sustained 4-14,false,,815,https://localhost:8443/ai/chat/,2
1780790820513,1,POST /ai/chat,429,Too Many Requests,4 - [CON RL] Sustained 4-14,false,,766,https://localhost:8443/ai/chat/,1
1780790820514,0,POST /ai/chat,429,Too Many Requests,4 - [CON RL] Sustained 4-14,false,,766,https://localhost:8443/ai/chat/,0
1780790820514,1,POST /ai/chat,429,Too Many Requests,4 - [CON RL] Sustained 4-14,false,,766,https://localhost:8443/ai/chat/,1
1780790820515,1,POST /ai/chat,429,Too Many Requests,4 - [CON RL] Sustained 4-14,false,,766,https://localhost:8443/ai/chat/,1
1780790820516,0,POST /ai/chat,429,Too Many Requests,4 - [CON RL] Sustained 4-14,false,,766,https://localhost:8443/ai/chat/,0
1780790820517,0,POST /ai/chat,429,Too Many Requests,4 - [CON RL] Sustained 4-14,false,,766,https://localhost:8443/ai/chat/,0
1780790820517,1,POST /ai/chat,429,Too Many Requests,4 - [CON RL] Sustained 4-14,false,,766,https://localhost:8443/ai/chat/,1
1780790820518,1,POST /ai/chat,429,Too Many Requests,4 - [CON RL] Sustained 4-14,false,,766,https://localhost:8443/ai/chat/,1
1780790820519,1,POST /ai/chat,429,Too Many Requests,4 - [CON RL] Sustained 4-14,false,,766,https://localhost:8443/ai/chat/,1
1780790820520,0,POST /ai/chat,429,Too Many Requests,4 - [CON RL] Sustained 4-14,false,,766,https://localhost:8443/ai/chat/,0
1780790820520,1,POST /ai/chat,429,Too Many Requests,4 - [CON RL] Sustained 4-14,false,,766,https://localhost:8443/ai/chat/,1
1780790820521,1,POST /ai/chat,429,Too Many Requests,4 - [CON RL] Sustained 4-14,false,,766,https://localhost:8443/ai/chat/,1
1780790820522,0,POST /ai/chat,429,Too Many Requests,4 - [CON RL] Sustained 4-14,false,,766,https://localhost:8443/ai/chat/,0
1780790820522,1,POST /ai/chat,429,Too Many Requests,4 - [CON RL] Sustained 4-14,false,,766,https://localhost:8443/ai/chat/,1
1780790824495,9,POST /ai/chat,429,Too Many Requests,4 - [CON RL] Sustained 4-15,false,,815,https://localhost:8443/ai/chat/,9
1780790824504,3,POST /ai/chat,429,Too Many Requests,4 - [CON RL] Sustained 4-15,false,,815,https://localhost:8443/ai/chat/,3
1780790824507,3,POST /ai/chat,429,Too Many Requests,4 - [CON RL] Sustained 4-15,false,,815,https://localhost:8443/ai/chat/,3
1780790824510,3,POST /ai/chat,429,Too Many Requests,4 - [CON RL] Sustained 4-15,false,,815,https://localhost:8443/ai/chat/,3
1780790824513,2,POST /ai/chat,429,Too Many Requests,4 - [CON RL] Sustained 4-15,false,,815,https://localhost:8443/ai/chat/,2
1780790824516,3,POST /ai/chat,429,Too Many Requests,4 - [CON RL] Sustained 4-15,false,,815,https://localhost:8443/ai/chat/,2
1780790824519,1,POST /ai/chat,429,Too Many Requests,4 - [CON RL] Sustained 4-15,false,,766,https://localhost:8443/ai/chat/,1
1780790824520,1,POST /ai/chat,429,Too Many Requests,4 - [CON RL] Sustained 4-15,false,,766,https://localhost:8443/ai/chat/,1
1780790824521,1,POST /ai/chat,429,Too Many Requests,4 - [CON RL] Sustained 4-15,false,,766,https://localhost:8443/ai/chat/,1
1780790824523,1,POST /ai/chat,429,Too Many Requests,4 - [CON RL] Sustained 4-15,false,,766,https://localhost:8443/ai/chat/,1
1780790824524,2,POST /ai/chat,429,Too Many Requests,4 - [CON RL] Sustained 4-15,false,,766,https://localhost:8443/ai/chat/,1
1780790824526,2,POST /ai/chat,429,Too Many Requests,4 - [CON RL] Sustained 4-15,false,,766,https://localhost:8443/ai/chat/,2
1780790824528,3,POST /ai/chat,429,Too Many Requests,4 - [CON RL] Sustained 4-15,false,,766,https://localhost:8443/ai/chat/,3
1780790824531,3,POST /ai/chat,429,Too Many Requests,4 - [CON RL] Sustained 4-15,false,,766,https://localhost:8443/ai/chat/,3
1780790824534,2,POST /ai/chat,429,Too Many Requests,4 - [CON RL] Sustained 4-15,false,,766,https://localhost:8443/ai/chat/,2
1780790824536,3,POST /ai/chat,429,Too Many Requests,4 - [CON RL] Sustained 4-15,false,,766,https://localhost:8443/ai/chat/,3
1780790824539,2,POST /ai/chat,429,Too Many Requests,4 - [CON RL] Sustained 4-15,false,,766,https://localhost:8443/ai/chat/,2
1780790824542,2,POST /ai/chat,429,Too Many Requests,4 - [CON RL] Sustained 4-15,false,,766,https://localhost:8443/ai/chat/,2
1780790824544,4,POST /ai/chat,429,Too Many Requests,4 - [CON RL] Sustained 4-15,false,,766,https://localhost:8443/ai/chat/,4
1780790824548,2,POST /ai/chat,429,Too Many Requests,4 - [CON RL] Sustained 4-15,false,,766,https://localhost:8443/ai/chat/,2
