1780789226687,0,,Non HTTP response code: java.net.MalformedURLException,Non HTTP response message: Illegal character found in host: '{',6 - [SIN RL] Baseline 2-1,false,,875,null,0
1780789226702,0,,Non HTTP response code: java.net.MalformedURLException,Non HTTP response message: Illegal character found in host: '{',6 - [SIN RL] Baseline 2-1,false,,875,null,0
1780789226703,0,,Non HTTP response code: java.net.MalformedURLException,Non HTTP response message: Illegal character found in host: '{',6 - [SIN RL] Baseline 2-1,false,,875,null,0
1780789226703,0,,Non HTTP response code: java.net.MalformedURLException,Non HTTP response message: Illegal character found in host: '{',6 - [SIN RL] Baseline 2-1,false,,875,null,0
1780789226704,0,,Non HTTP response code: java.net.MalformedURLException,Non HTTP response message: Illegal character found in host: '{',6 - [SIN RL] Baseline 2-1,false,,875,null,0
1780789226704,0,,Non HTTP response code: java.net.MalformedURLException,Non HTTP response message: Illegal character found in host: '{',6 - [SIN RL] Baseline 2-1,false,,875,null,0
1780789226704,0,,Non HTTP response code: java.net.MalformedURLException,Non HTTP response message: Illegal character found in host: '{',6 - [SIN RL] Baseline 2-1,false,,875,null,0
1780789226704,0,,Non HTTP response code: java.net.MalformedURLException,Non HTTP response message: Illegal character found in host: '{',6 - [SIN RL] Baseline 2-1,false,,875,null,0
1780789226705,0,,Non HTTP response code: java.net.MalformedURLException,Non HTTP response message: Illegal character found in host: '{',6 - [SIN RL] Baseline 2-1,false,,875,null,0
1780789226705,0,,Non HTTP response code: java.net.MalformedURLException,Non HTTP response message: Illegal character found in host: '{',6 - [SIN RL] Baseline 2-1,false,,875,null,0
1780789226875,0,,Non HTTP response code: java.net.MalformedURLException,Non HTTP response message: Illegal character found in host: '{',6 - [SIN RL] Baseline 2-2,false,,875,null,0
1780789226876,0,,Non HTTP response code: java.net.MalformedURLException,Non HTTP response message: Illegal character found in host: '{',6 - [SIN RL] Baseline 2-2,false,,875,null,0
1780789226876,0,,Non HTTP response code: java.net.MalformedURLException,Non HTTP response message: Illegal character found in host: '{',6 - [SIN RL] Baseline 2-2,false,,875,null,0
1780789226876,0,,Non HTTP response code: java.net.MalformedURLException,Non HTTP response message: Illegal character found in host: '{',6 - [SIN RL] Baseline 2-2,false,,875,null,0
1780789226877,0,,Non HTTP response code: java.net.MalformedURLException,Non HTTP response message: Illegal character found in host: '{',6 - [SIN RL] Baseline 2-2,false,,875,null,0
1780789226877,0,,Non HTTP response code: java.net.MalformedURLException,Non HTTP response message: Illegal character found in host: '{',6 - [SIN RL] Baseline 2-2,false,,875,null,0
1780789226877,0,,Non HTTP response code: java.net.MalformedURLException,Non HTTP response message: Illegal character found in host: '{',6 - [SIN RL] Baseline 2-2,false,,875,null,0
1780789226877,0,,Non HTTP response code: java.net.MalformedURLException,Non HTTP response message: Illegal character found in host: '{',6 - [SIN RL] Baseline 2-2,false,,875,null,0
1780789226877,0,,Non HTTP response code: java.net.MalformedURLException,Non HTTP response message: Illegal character found in host: '{',6 - [SIN RL] Baseline 2-2,false,,875,null,0
1780789226877,0,,Non HTTP response code: java.net.MalformedURLException,Non HTTP response message: Illegal character found in host: '{',6 - [SIN RL] Baseline 2-2,false,,875,null,0
1780789227075,0,,Non HTTP response code: java.net.MalformedURLException,Non HTTP response message: Illegal character found in host: '{',6 - [SIN RL] Baseline 2-3,false,,875,null,0
1780789227075,0,,Non HTTP response code: java.net.MalformedURLException,Non HTTP response message: Illegal character found in host: '{',6 - [SIN RL] Baseline 2-3,false,,875,null,0
1780789227076,0,,Non HTTP response code: java.net.MalformedURLException,Non HTTP response message: Illegal character found in host: '{',6 - [SIN RL] Baseline 2-3,false,,875,null,0
1780789227076,0,,Non HTTP response code: java.net.MalformedURLException,Non HTTP response message: Illegal character found in host: '{',6 - [SIN RL] Baseline 2-3,false,,875,null,0
1780789227076,0,,Non HTTP response code: java.net.MalformedURLException,Non HTTP response message: Illegal character found in host: '{',6 - [SIN RL] Baseline 2-3,false,,875,null,0
1780789227076,0,,Non HTTP response code: java.net.MalformedURLException,Non HTTP response message: Illegal character found in host: '{',6 - [SIN RL] Baseline 2-3,false,,875,null,0
1780789227076,0,,Non HTTP response code: java.net.MalformedURLException,Non HTTP response message: Illegal character found in host: '{',6 - [SIN RL] Baseline 2-3,false,,875,null,0
1780789227076,0,,Non HTTP response code: java.net.MalformedURLException,Non HTTP response message: Illegal character found in host: '{',6 - [SIN RL] Baseline 2-3,false,,875,null,0
1780789227076,0,,Non HTTP response code: java.net.MalformedURLException,Non HTTP response message: Illegal character found in host: '{',6 - [SIN RL] Baseline 2-3,false,,875,null,0
1780789227076,0,,Non HTTP response code: java.net.MalformedURLException,Non HTTP response message: Illegal character found in host: '{',6 - [SIN RL] Baseline 2-3,false,,875,null,0
1780789227275,0,,Non HTTP response code: java.net.MalformedURLException,Non HTTP response message: Illegal character found in host: '{',6 - [SIN RL] Baseline 2-4,false,,875,null,0
1780789227276,0,,Non HTTP response code: java.net.MalformedURLException,Non HTTP response message: Illegal character found in host: '{',6 - [SIN RL] Baseline 2-4,false,,875,null,0
1780789227276,0,,Non HTTP response code: java.net.MalformedURLException,Non HTTP response message: Illegal character found in host: '{',6 - [SIN RL] Baseline 2-4,false,,875,null,0
1780789227276,0,,Non HTTP response code: java.net.MalformedURLException,Non HTTP response message: Illegal character found in host: '{',6 - [SIN RL] Baseline 2-4,false,,875,null,0
1780789227276,0,,Non HTTP response code: java.net.MalformedURLException,Non HTTP response message: Illegal character found in host: '{',6 - [SIN RL] Baseline 2-4,false,,875,null,0
1780789227276,0,,Non HTTP response code: java.net.MalformedURLException,Non HTTP response message: Illegal character found in host: '{',6 - [SIN RL] Baseline 2-4,false,,875,null,0
1780789227276,0,,Non HTTP response code: java.net.MalformedURLException,Non HTTP response message: Illegal character found in host: '{',6 - [SIN RL] Baseline 2-4,false,,875,null,0
1780789227276,0,,Non HTTP response code: java.net.MalformedURLException,Non HTTP response message: Illegal character found in host: '{',6 - [SIN RL] Baseline 2-4,false,,875,null,0
1780789227277,0,,Non HTTP response code: java.net.MalformedURLException,Non HTTP response message: Illegal character found in host: '{',6 - [SIN RL] Baseline 2-4,false,,875,null,0
1780789227277,0,,Non HTTP response code: java.net.MalformedURLException,Non HTTP response message: Illegal character found in host: '{',6 - [SIN RL] Baseline 2-4,false,,875,null,0
1780789227473,0,,Non HTTP response code: java.net.MalformedURLException,Non HTTP response message: Illegal character found in host: '{',6 - [SIN RL] Baseline 2-5,false,,875,null,0
1780789227473,0,,Non HTTP response code: java.net.MalformedURLException,Non HTTP response message: Illegal character found in host: '{',6 - [SIN RL] Baseline 2-5,false,,875,null,0
1780789227474,0,,Non HTTP response code: java.net.MalformedURLException,Non HTTP response message: Illegal character found in host: '{',6 - [SIN RL] Baseline 2-5,false,,875,null,0
1780789227474,0,,Non HTTP response code: java.net.MalformedURLException,Non HTTP response message: Illegal character found in host: '{',6 - [SIN RL] Baseline 2-5,false,,875,null,0
1780789227474,0,,Non HTTP response code: java.net.MalformedURLException,Non HTTP response message: Illegal character found in host: '{',6 - [SIN RL] Baseline 2-5,false,,875,null,0
1780789227474,0,,Non HTTP response code: java.net.MalformedURLException,Non HTTP response message: Illegal character found in host: '{',6 - [SIN RL] Baseline 2-5,false,,875,null,0
1780789227474,0,,Non HTTP response code: java.net.MalformedURLException,Non HTTP response message: Illegal character found in host: '{',6 - [SIN RL] Baseline 2-5,false,,875,null,0
1780789227475,0,,Non HTTP response code: java.net.MalformedURLException,Non HTTP response message: Illegal character found in host: '{',6 - [SIN RL] Baseline 2-5,false,,875,null,0
1780789227475,0,,Non HTTP response code: java.net.MalformedURLException,Non HTTP response message: Illegal character found in host: '{',6 - [SIN RL] Baseline 2-5,false,,875,null,0
1780789227475,0,,Non HTTP response code: java.net.MalformedURLException,Non HTTP response message: Illegal character found in host: '{',6 - [SIN RL] Baseline 2-5,false,,875,null,0
1780789401014,0,,Non HTTP response code: java.net.MalformedURLException,Non HTTP response message: Illegal character found in host: '{',6 - [SIN RL] Baseline 2-1,false,,875,null,0
1780789401015,0,,Non HTTP response code: java.net.MalformedURLException,Non HTTP response message: Illegal character found in host: '{',6 - [SIN RL] Baseline 2-1,false,,875,null,0
1780789401015,0,,Non HTTP response code: java.net.MalformedURLException,Non HTTP response message: Illegal character found in host: '{',6 - [SIN RL] Baseline 2-1,false,,875,null,0
1780789401015,0,,Non HTTP response code: java.net.MalformedURLException,Non HTTP response message: Illegal character found in host: '{',6 - [SIN RL] Baseline 2-1,false,,875,null,0
1780789401015,0,,Non HTTP response code: java.net.MalformedURLException,Non HTTP response message: Illegal character found in host: '{',6 - [SIN RL] Baseline 2-1,false,,875,null,0
1780789401015,0,,Non HTTP response code: java.net.MalformedURLException,Non HTTP response message: Illegal character found in host: '{',6 - [SIN RL] Baseline 2-1,false,,875,null,0
1780789401015,0,,Non HTTP response code: java.net.MalformedURLException,Non HTTP response message: Illegal character found in host: '{',6 - [SIN RL] Baseline 2-1,false,,875,null,0
1780789401015,0,,Non HTTP response code: java.net.MalformedURLException,Non HTTP response message: Illegal character found in host: '{',6 - [SIN RL] Baseline 2-1,false,,875,null,0
1780789401015,0,,Non HTTP response code: java.net.MalformedURLException,Non HTTP response message: Illegal character found in host: '{',6 - [SIN RL] Baseline 2-1,false,,875,null,0
1780789401015,0,,Non HTTP response code: java.net.MalformedURLException,Non HTTP response message: Illegal character found in host: '{',6 - [SIN RL] Baseline 2-1,false,,875,null,0
1780789401214,0,,Non HTTP response code: java.net.MalformedURLException,Non HTTP response message: Illegal character found in host: '{',6 - [SIN RL] Baseline 2-2,false,,875,null,0
1780789401215,0,,Non HTTP response code: java.net.MalformedURLException,Non HTTP response message: Illegal character found in host: '{',6 - [SIN RL] Baseline 2-2,false,,875,null,0
1780789401215,0,,Non HTTP response code: java.net.MalformedURLException,Non HTTP response message: Illegal character found in host: '{',6 - [SIN RL] Baseline 2-2,false,,875,null,0
1780789401215,0,,Non HTTP response code: java.net.MalformedURLException,Non HTTP response message: Illegal character found in host: '{',6 - [SIN RL] Baseline 2-2,false,,875,null,0
1780789401215,0,,Non HTTP response code: java.net.MalformedURLException,Non HTTP response message: Illegal character found in host: '{',6 - [SIN RL] Baseline 2-2,false,,875,null,0
1780789401215,0,,Non HTTP response code: java.net.MalformedURLException,Non HTTP response message: Illegal character found in host: '{',6 - [SIN RL] Baseline 2-2,false,,875,null,0
1780789401215,0,,Non HTTP response code: java.net.MalformedURLException,Non HTTP response message: Illegal character found in host: '{',6 - [SIN RL] Baseline 2-2,false,,875,null,0
1780789401215,0,,Non HTTP response code: java.net.MalformedURLException,Non HTTP response message: Illegal character found in host: '{',6 - [SIN RL] Baseline 2-2,false,,875,null,0
1780789401216,0,,Non HTTP response code: java.net.MalformedURLException,Non HTTP response message: Illegal character found in host: '{',6 - [SIN RL] Baseline 2-2,false,,875,null,0
1780789401216,0,,Non HTTP response code: java.net.MalformedURLException,Non HTTP response message: Illegal character found in host: '{',6 - [SIN RL] Baseline 2-2,false,,875,null,0
1780789401415,0,,Non HTTP response code: java.net.MalformedURLException,Non HTTP response message: Illegal character found in host: '{',6 - [SIN RL] Baseline 2-3,false,,875,null,0
1780789401415,0,,Non HTTP response code: java.net.MalformedURLException,Non HTTP response message: Illegal character found in host: '{',6 - [SIN RL] Baseline 2-3,false,,875,null,0
1780789401415,0,,Non HTTP response code: java.net.MalformedURLException,Non HTTP response message: Illegal character found in host: '{',6 - [SIN RL] Baseline 2-3,false,,875,null,0
1780789401415,0,,Non HTTP response code: java.net.MalformedURLException,Non HTTP response message: Illegal character found in host: '{',6 - [SIN RL] Baseline 2-3,false,,875,null,0
1780789401415,0,,Non HTTP response code: java.net.MalformedURLException,Non HTTP response message: Illegal character found in host: '{',6 - [SIN RL] Baseline 2-3,false,,875,null,0
1780789401415,0,,Non HTTP response code: java.net.MalformedURLException,Non HTTP response message: Illegal character found in host: '{',6 - [SIN RL] Baseline 2-3,false,,875,null,0
1780789401415,0,,Non HTTP response code: java.net.MalformedURLException,Non HTTP response message: Illegal character found in host: '{',6 - [SIN RL] Baseline 2-3,false,,875,null,0
1780789401415,0,,Non HTTP response code: java.net.MalformedURLException,Non HTTP response message: Illegal character found in host: '{',6 - [SIN RL] Baseline 2-3,false,,875,null,0
1780789401415,0,,Non HTTP response code: java.net.MalformedURLException,Non HTTP response message: Illegal character found in host: '{',6 - [SIN RL] Baseline 2-3,false,,875,null,0
1780789401415,0,,Non HTTP response code: java.net.MalformedURLException,Non HTTP response message: Illegal character found in host: '{',6 - [SIN RL] Baseline 2-3,false,,875,null,0
1780789401615,0,,Non HTTP response code: java.net.MalformedURLException,Non HTTP response message: Illegal character found in host: '{',6 - [SIN RL] Baseline 2-4,false,,875,null,0
1780789401615,0,,Non HTTP response code: java.net.MalformedURLException,Non HTTP response message: Illegal character found in host: '{',6 - [SIN RL] Baseline 2-4,false,,875,null,0
1780789401615,0,,Non HTTP response code: java.net.MalformedURLException,Non HTTP response message: Illegal character found in host: '{',6 - [SIN RL] Baseline 2-4,false,,875,null,0
1780789401615,0,,Non HTTP response code: java.net.MalformedURLException,Non HTTP response message: Illegal character found in host: '{',6 - [SIN RL] Baseline 2-4,false,,875,null,0
1780789401615,0,,Non HTTP response code: java.net.MalformedURLException,Non HTTP response message: Illegal character found in host: '{',6 - [SIN RL] Baseline 2-4,false,,875,null,0
1780789401615,0,,Non HTTP response code: java.net.MalformedURLException,Non HTTP response message: Illegal character found in host: '{',6 - [SIN RL] Baseline 2-4,false,,875,null,0
1780789401615,0,,Non HTTP response code: java.net.MalformedURLException,Non HTTP response message: Illegal character found in host: '{',6 - [SIN RL] Baseline 2-4,false,,875,null,0
1780789401615,0,,Non HTTP response code: java.net.MalformedURLException,Non HTTP response message: Illegal character found in host: '{',6 - [SIN RL] Baseline 2-4,false,,875,null,0
1780789401615,0,,Non HTTP response code: java.net.MalformedURLException,Non HTTP response message: Illegal character found in host: '{',6 - [SIN RL] Baseline 2-4,false,,875,null,0
1780789401615,0,,Non HTTP response code: java.net.MalformedURLException,Non HTTP response message: Illegal character found in host: '{',6 - [SIN RL] Baseline 2-4,false,,875,null,0
1780789401814,0,,Non HTTP response code: java.net.MalformedURLException,Non HTTP response message: Illegal character found in host: '{',6 - [SIN RL] Baseline 2-5,false,,875,null,0
1780789401814,0,,Non HTTP response code: java.net.MalformedURLException,Non HTTP response message: Illegal character found in host: '{',6 - [SIN RL] Baseline 2-5,false,,875,null,0
1780789401814,0,,Non HTTP response code: java.net.MalformedURLException,Non HTTP response message: Illegal character found in host: '{',6 - [SIN RL] Baseline 2-5,false,,875,null,0
1780789401814,0,,Non HTTP response code: java.net.MalformedURLException,Non HTTP response message: Illegal character found in host: '{',6 - [SIN RL] Baseline 2-5,false,,875,null,0
1780789401814,0,,Non HTTP response code: java.net.MalformedURLException,Non HTTP response message: Illegal character found in host: '{',6 - [SIN RL] Baseline 2-5,false,,875,null,0
1780789401814,0,,Non HTTP response code: java.net.MalformedURLException,Non HTTP response message: Illegal character found in host: '{',6 - [SIN RL] Baseline 2-5,false,,875,null,0
1780789401814,0,,Non HTTP response code: java.net.MalformedURLException,Non HTTP response message: Illegal character found in host: '{',6 - [SIN RL] Baseline 2-5,false,,875,null,0
1780789401814,0,,Non HTTP response code: java.net.MalformedURLException,Non HTTP response message: Illegal character found in host: '{',6 - [SIN RL] Baseline 2-5,false,,875,null,0
1780789401815,0,,Non HTTP response code: java.net.MalformedURLException,Non HTTP response message: Illegal character found in host: '{',6 - [SIN RL] Baseline 2-5,false,,875,null,0
1780789401815,0,,Non HTTP response code: java.net.MalformedURLException,Non HTTP response message: Illegal character found in host: '{',6 - [SIN RL] Baseline 2-5,false,,875,null,0
1780789634940,150,POST /ai/chat,429,Too Many Requests,6 - [SIN RL] Baseline 2-3,false,,815,https://localhost:8443/ai/chat/,150
1780789634731,368,POST /ai/chat,429,Too Many Requests,6 - [SIN RL] Baseline 2-2,false,,815,https://localhost:8443/ai/chat/,368
1780789635091,58,POST /ai/chat,429,Too Many Requests,6 - [SIN RL] Baseline 2-3,false,,815,https://localhost:8443/ai/chat/,58
1780789635100,52,POST /ai/chat,429,Too Many Requests,6 - [SIN RL] Baseline 2-2,false,,815,https://localhost:8443/ai/chat/,52
1780789635131,41,POST /ai/chat,429,Too Many Requests,6 - [SIN RL] Baseline 2-4,false,,815,https://localhost:8443/ai/chat/,41
1780789635150,30,POST /ai/chat,429,Too Many Requests,6 - [SIN RL] Baseline 2-3,false,,815,https://localhost:8443/ai/chat/,30
1780789635153,30,POST /ai/chat,429,Too Many Requests,6 - [SIN RL] Baseline 2-2,false,,815,https://localhost:8443/ai/chat/,30
1780789635172,24,POST /ai/chat,429,Too Many Requests,6 - [SIN RL] Baseline 2-4,false,,815,https://localhost:8443/ai/chat/,24
1780789635180,23,POST /ai/chat,429,Too Many Requests,6 - [SIN RL] Baseline 2-3,false,,815,https://localhost:8443/ai/chat/,23
1780789635183,24,POST /ai/chat,429,Too Many Requests,6 - [SIN RL] Baseline 2-2,false,,815,https://localhost:8443/ai/chat/,24
1780789635197,30,POST /ai/chat,429,Too Many Requests,6 - [SIN RL] Baseline 2-4,false,,815,https://localhost:8443/ai/chat/,30
1780789635204,37,POST /ai/chat,429,Too Many Requests,6 - [SIN RL] Baseline 2-3,false,,815,https://localhost:8443/ai/chat/,37
1780789635207,36,POST /ai/chat,429,Too Many Requests,6 - [SIN RL] Baseline 2-2,false,,815,https://localhost:8443/ai/chat/,36
1780789635227,18,POST /ai/chat,429,Too Many Requests,6 - [SIN RL] Baseline 2-4,false,,815,https://localhost:8443/ai/chat/,18
1780789635242,8,POST /ai/chat,429,Too Many Requests,6 - [SIN RL] Baseline 2-3,false,,815,https://localhost:8443/ai/chat/,8
1780789635244,11,POST /ai/chat,429,Too Many Requests,6 - [SIN RL] Baseline 2-2,false,,815,https://localhost:8443/ai/chat/,11
1780789635245,12,POST /ai/chat,429,Too Many Requests,6 - [SIN RL] Baseline 2-4,false,,815,https://localhost:8443/ai/chat/,12
1780789635251,8,POST /ai/chat,429,Too Many Requests,6 - [SIN RL] Baseline 2-3,false,,815,https://localhost:8443/ai/chat/,8
1780789635255,7,POST /ai/chat,429,Too Many Requests,6 - [SIN RL] Baseline 2-2,false,,815,https://localhost:8443/ai/chat/,7
1780789635258,6,POST /ai/chat,429,Too Many Requests,6 - [SIN RL] Baseline 2-4,false,,815,https://localhost:8443/ai/chat/,6
1780789635259,6,POST /ai/chat,429,Too Many Requests,6 - [SIN RL] Baseline 2-3,false,,815,https://localhost:8443/ai/chat/,6
1780789635262,5,POST /ai/chat,429,Too Many Requests,6 - [SIN RL] Baseline 2-2,false,,815,https://localhost:8443/ai/chat/,5
1780789635265,4,POST /ai/chat,429,Too Many Requests,6 - [SIN RL] Baseline 2-4,false,,815,https://localhost:8443/ai/chat/,4
1780789635266,5,POST /ai/chat,429,Too Many Requests,6 - [SIN RL] Baseline 2-3,false,,815,https://localhost:8443/ai/chat/,5
1780789635268,5,POST /ai/chat,429,Too Many Requests,6 - [SIN RL] Baseline 2-2,false,,815,https://localhost:8443/ai/chat/,5
1780789635270,5,POST /ai/chat,429,Too Many Requests,6 - [SIN RL] Baseline 2-4,false,,815,https://localhost:8443/ai/chat/,5
1780789635271,5,POST /ai/chat,429,Too Many Requests,6 - [SIN RL] Baseline 2-3,false,,815,https://localhost:8443/ai/chat/,5
1780789635274,5,POST /ai/chat,429,Too Many Requests,6 - [SIN RL] Baseline 2-2,false,,815,https://localhost:8443/ai/chat/,5
1780789635275,6,POST /ai/chat,429,Too Many Requests,6 - [SIN RL] Baseline 2-4,false,,815,https://localhost:8443/ai/chat/,5
1780789635281,4,POST /ai/chat,429,Too Many Requests,6 - [SIN RL] Baseline 2-4,false,,815,https://localhost:8443/ai/chat/,4
1780789635331,14,POST /ai/chat,429,Too Many Requests,6 - [SIN RL] Baseline 2-5,false,,815,https://localhost:8443/ai/chat/,14
1780789635345,4,POST /ai/chat,429,Too Many Requests,6 - [SIN RL] Baseline 2-5,false,,815,https://localhost:8443/ai/chat/,4
1780789635349,4,POST /ai/chat,429,Too Many Requests,6 - [SIN RL] Baseline 2-5,false,,815,https://localhost:8443/ai/chat/,4
1780789635354,4,POST /ai/chat,429,Too Many Requests,6 - [SIN RL] Baseline 2-5,false,,815,https://localhost:8443/ai/chat/,4
1780789635358,4,POST /ai/chat,429,Too Many Requests,6 - [SIN RL] Baseline 2-5,false,,815,https://localhost:8443/ai/chat/,4
1780789635362,3,POST /ai/chat,429,Too Many Requests,6 - [SIN RL] Baseline 2-5,false,,815,https://localhost:8443/ai/chat/,3
1780789635365,4,POST /ai/chat,429,Too Many Requests,6 - [SIN RL] Baseline 2-5,false,,815,https://localhost:8443/ai/chat/,4
1780789635369,5,POST /ai/chat,429,Too Many Requests,6 - [SIN RL] Baseline 2-5,false,,815,https://localhost:8443/ai/chat/,5
1780789635375,4,POST /ai/chat,429,Too Many Requests,6 - [SIN RL] Baseline 2-5,false,,815,https://localhost:8443/ai/chat/,4
1780789635379,4,POST /ai/chat,429,Too Many Requests,6 - [SIN RL] Baseline 2-5,false,,815,https://localhost:8443/ai/chat/,4
1780789634646,1807,POST /ai/chat,200,OK,6 - [SIN RL] Baseline 2-1,true,,1305,https://localhost:8443/ai/chat/,1807
1780789636453,3,POST /ai/chat,429,Too Many Requests,6 - [SIN RL] Baseline 2-1,false,,815,https://localhost:8443/ai/chat/,3
1780789636456,3,POST /ai/chat,429,Too Many Requests,6 - [SIN RL] Baseline 2-1,false,,815,https://localhost:8443/ai/chat/,3
1780789636459,3,POST /ai/chat,429,Too Many Requests,6 - [SIN RL] Baseline 2-1,false,,815,https://localhost:8443/ai/chat/,3
1780789636462,3,POST /ai/chat,429,Too Many Requests,6 - [SIN RL] Baseline 2-1,false,,815,https://localhost:8443/ai/chat/,3
1780789636465,3,POST /ai/chat,429,Too Many Requests,6 - [SIN RL] Baseline 2-1,false,,815,https://localhost:8443/ai/chat/,2
1780789636468,2,POST /ai/chat,429,Too Many Requests,6 - [SIN RL] Baseline 2-1,false,,815,https://localhost:8443/ai/chat/,2
1780789636471,2,POST /ai/chat,429,Too Many Requests,6 - [SIN RL] Baseline 2-1,false,,815,https://localhost:8443/ai/chat/,2
1780789636473,2,POST /ai/chat,429,Too Many Requests,6 - [SIN RL] Baseline 2-1,false,,815,https://localhost:8443/ai/chat/,2
1780789636476,2,POST /ai/chat,429,Too Many Requests,6 - [SIN RL] Baseline 2-1,false,,815,https://localhost:8443/ai/chat/,2
1780789826661,1279,POST /ai/chat,200,OK,6 - [SIN RL] Baseline 2-1,true,,1266,https://localhost:8443/ai/chat/,1279
1780789827461,5522,POST /ai/chat,200,OK,6 - [SIN RL] Baseline 2-5,true,,659,https://localhost:8443/ai/chat/,5522
1780789827940,11497,POST /ai/chat,200,OK,6 - [SIN RL] Baseline 2-1,true,,659,https://localhost:8443/ai/chat/,11497
1780789826861,13837,POST /ai/chat,200,OK,6 - [SIN RL] Baseline 2-2,true,,659,https://localhost:8443/ai/chat/,13837
1780789827060,13726,POST /ai/chat,200,OK,6 - [SIN RL] Baseline 2-3,true,,659,https://localhost:8443/ai/chat/,13726
1780789827261,13566,POST /ai/chat,200,OK,6 - [SIN RL] Baseline 2-4,true,,659,https://localhost:8443/ai/chat/,13566
1780789840698,6615,POST /ai/chat,200,OK,6 - [SIN RL] Baseline 2-2,true,,659,https://localhost:8443/ai/chat/,6615
1780789832984,14515,POST /ai/chat,200,OK,6 - [SIN RL] Baseline 2-5,true,,659,https://localhost:8443/ai/chat/,14515
1780789840787,11717,POST /ai/chat,200,OK,6 - [SIN RL] Baseline 2-3,true,,659,https://localhost:8443/ai/chat/,11717
1780789839437,13517,POST /ai/chat,200,OK,6 - [SIN RL] Baseline 2-1,true,,659,https://localhost:8443/ai/chat/,13517
1780789840827,12602,POST /ai/chat,200,OK,6 - [SIN RL] Baseline 2-4,true,,659,https://localhost:8443/ai/chat/,12602
1780789847499,11484,POST /ai/chat,200,OK,6 - [SIN RL] Baseline 2-5,true,,659,https://localhost:8443/ai/chat/,11484
1780789847313,12565,POST /ai/chat,200,OK,6 - [SIN RL] Baseline 2-2,true,,659,https://localhost:8443/ai/chat/,12565
1780789852953,14577,POST /ai/chat,200,OK,6 - [SIN RL] Baseline 2-1,true,,659,https://localhost:8443/ai/chat/,14577
1780789858984,8632,POST /ai/chat,200,OK,6 - [SIN RL] Baseline 2-5,true,,659,https://localhost:8443/ai/chat/,8632
1780789852503,15545,POST /ai/chat,200,OK,6 - [SIN RL] Baseline 2-3,true,,659,https://localhost:8443/ai/chat/,15545
1780789853429,14812,POST /ai/chat,200,OK,6 - [SIN RL] Baseline 2-4,true,,659,https://localhost:8443/ai/chat/,14812
1780789867616,2518,POST /ai/chat,200,OK,6 - [SIN RL] Baseline 2-5,true,,659,https://localhost:8443/ai/chat/,2518
1780789867532,3629,POST /ai/chat,200,OK,6 - [SIN RL] Baseline 2-1,true,,659,https://localhost:8443/ai/chat/,3629
1780789859878,15646,POST /ai/chat,200,OK,6 - [SIN RL] Baseline 2-2,true,,659,https://localhost:8443/ai/chat/,15646
1780789868243,11639,POST /ai/chat,200,OK,6 - [SIN RL] Baseline 2-4,true,,659,https://localhost:8443/ai/chat/,11639
1780789868049,12545,POST /ai/chat,200,OK,6 - [SIN RL] Baseline 2-3,true,,659,https://localhost:8443/ai/chat/,12545
1780789870134,10512,POST /ai/chat,200,OK,6 - [SIN RL] Baseline 2-5,true,,659,https://localhost:8443/ai/chat/,10512
1780789871161,9559,POST /ai/chat,200,OK,6 - [SIN RL] Baseline 2-1,true,,659,https://localhost:8443/ai/chat/,9559
1780789880720,6792,POST /ai/chat,200,OK,6 - [SIN RL] Baseline 2-1,true,,1214,https://localhost:8443/ai/chat/,6792
1780789875524,12614,POST /ai/chat,200,OK,6 - [SIN RL] Baseline 2-2,true,,659,https://localhost:8443/ai/chat/,12614
1780789880594,14549,POST /ai/chat,200,OK,6 - [SIN RL] Baseline 2-3,true,,659,https://localhost:8443/ai/chat/,14549
1780789880646,14662,POST /ai/chat,200,OK,6 - [SIN RL] Baseline 2-5,true,,659,https://localhost:8443/ai/chat/,14662
1780789879882,15610,POST /ai/chat,200,OK,6 - [SIN RL] Baseline 2-4,true,,659,https://localhost:8443/ai/chat/,15610
1780789887512,14581,POST /ai/chat,200,OK,6 - [SIN RL] Baseline 2-1,true,,659,https://localhost:8443/ai/chat/,14581
1780789888138,14043,POST /ai/chat,200,OK,6 - [SIN RL] Baseline 2-2,true,,1397,https://localhost:8443/ai/chat/,14043
1780789895143,14532,POST /ai/chat,200,OK,6 - [SIN RL] Baseline 2-3,true,,659,https://localhost:8443/ai/chat/,14532
1780789895309,14589,POST /ai/chat,200,OK,6 - [SIN RL] Baseline 2-5,true,,659,https://localhost:8443/ai/chat/,14589
1780789895493,14529,POST /ai/chat,200,OK,6 - [SIN RL] Baseline 2-4,true,,659,https://localhost:8443/ai/chat/,14529
1780789902094,15493,POST /ai/chat,200,OK,6 - [SIN RL] Baseline 2-1,true,,659,https://localhost:8443/ai/chat/,15493
1780789902181,15540,POST /ai/chat,200,OK,6 - [SIN RL] Baseline 2-2,true,,659,https://localhost:8443/ai/chat/,15540
1780789910022,14550,POST /ai/chat,200,OK,6 - [SIN RL] Baseline 2-4,true,,659,https://localhost:8443/ai/chat/,14550
1780789909674,15106,POST /ai/chat,200,OK,6 - [SIN RL] Baseline 2-3,true,,1327,https://localhost:8443/ai/chat/,15106
1780789909898,15503,POST /ai/chat,200,OK,6 - [SIN RL] Baseline 2-5,true,,659,https://localhost:8443/ai/chat/,15503
1780789917588,14577,POST /ai/chat,200,OK,6 - [SIN RL] Baseline 2-1,true,,659,https://localhost:8443/ai/chat/,14577
1780789917721,14497,POST /ai/chat,200,OK,6 - [SIN RL] Baseline 2-2,true,,659,https://localhost:8443/ai/chat/,14497
1780789924781,14606,POST /ai/chat,200,OK,6 - [SIN RL] Baseline 2-3,true,,659,https://localhost:8443/ai/chat/,14606
1780789925402,14685,POST /ai/chat,200,OK,6 - [SIN RL] Baseline 2-5,true,,659,https://localhost:8443/ai/chat/,14685
1780789924574,15567,POST /ai/chat,200,OK,6 - [SIN RL] Baseline 2-4,true,,659,https://localhost:8443/ai/chat/,15567
1780789932218,14500,POST /ai/chat,200,OK,6 - [SIN RL] Baseline 2-2,true,,659,https://localhost:8443/ai/chat/,14500
1780789939387,9579,POST /ai/chat,200,OK,6 - [SIN RL] Baseline 2-3,true,,659,https://localhost:8443/ai/chat/,9579
1780789940141,9474,POST /ai/chat,200,OK,6 - [SIN RL] Baseline 2-4,true,,659,https://localhost:8443/ai/chat/,9474
1780789946718,10642,POST /ai/chat,200,OK,6 - [SIN RL] Baseline 2-2,true,,659,https://localhost:8443/ai/chat/,10642
1780789949615,14523,POST /ai/chat,200,OK,6 - [SIN RL] Baseline 2-4,true,,659,https://localhost:8443/ai/chat/,14523
1780789948966,16124,POST /ai/chat,200,OK,6 - [SIN RL] Baseline 2-3,true,,1500,https://localhost:8443/ai/chat/,16124
