1780365506758,70,POST /ai/chat (sustained),429,Too Many Requests,3 - Sustained Ramp-up 3-1,false,,766,https://localhost:8443/ai/chat/,70
1780365506829,6,POST /ai/chat (sustained),429,Too Many Requests,3 - Sustained Ramp-up 3-1,false,,766,https://localhost:8443/ai/chat/,6
1780365506836,11,POST /ai/chat (sustained),429,Too Many Requests,3 - Sustained Ramp-up 3-1,false,,766,https://localhost:8443/ai/chat/,11
1780365506848,9,POST /ai/chat (sustained),429,Too Many Requests,3 - Sustained Ramp-up 3-1,false,,766,https://localhost:8443/ai/chat/,9
1780365506858,13,POST /ai/chat (sustained),429,Too Many Requests,3 - Sustained Ramp-up 3-1,false,,766,https://localhost:8443/ai/chat/,13
1780365506872,8,POST /ai/chat (sustained),429,Too Many Requests,3 - Sustained Ramp-up 3-1,false,,766,https://localhost:8443/ai/chat/,8
1780365506881,4,POST /ai/chat (sustained),429,Too Many Requests,3 - Sustained Ramp-up 3-1,false,,766,https://localhost:8443/ai/chat/,4
1780365506886,6,POST /ai/chat (sustained),429,Too Many Requests,3 - Sustained Ramp-up 3-1,false,,766,https://localhost:8443/ai/chat/,6
1780365506894,8,POST /ai/chat (sustained),429,Too Many Requests,3 - Sustained Ramp-up 3-1,false,,766,https://localhost:8443/ai/chat/,7
1780365506903,4,POST /ai/chat (sustained),429,Too Many Requests,3 - Sustained Ramp-up 3-1,false,,766,https://localhost:8443/ai/chat/,4
1780365506908,4,POST /ai/chat (sustained),429,Too Many Requests,3 - Sustained Ramp-up 3-1,false,,766,https://localhost:8443/ai/chat/,4
1780365506913,5,POST /ai/chat (sustained),429,Too Many Requests,3 - Sustained Ramp-up 3-1,false,,766,https://localhost:8443/ai/chat/,5
1780365506919,4,POST /ai/chat (sustained),429,Too Many Requests,3 - Sustained Ramp-up 3-1,false,,766,https://localhost:8443/ai/chat/,4
1780365506924,4,POST /ai/chat (sustained),429,Too Many Requests,3 - Sustained Ramp-up 3-1,false,,766,https://localhost:8443/ai/chat/,4
1780365506929,5,POST /ai/chat (sustained),429,Too Many Requests,3 - Sustained Ramp-up 3-1,false,,766,https://localhost:8443/ai/chat/,5
1780365506934,4,POST /ai/chat (sustained),429,Too Many Requests,3 - Sustained Ramp-up 3-1,false,,766,https://localhost:8443/ai/chat/,4
1780365506939,3,POST /ai/chat (sustained),429,Too Many Requests,3 - Sustained Ramp-up 3-1,false,,766,https://localhost:8443/ai/chat/,3
1780365506943,5,POST /ai/chat (sustained),429,Too Many Requests,3 - Sustained Ramp-up 3-1,false,,766,https://localhost:8443/ai/chat/,4
1780365506948,4,POST /ai/chat (sustained),429,Too Many Requests,3 - Sustained Ramp-up 3-1,false,,766,https://localhost:8443/ai/chat/,4
1780365506953,3,POST /ai/chat (sustained),429,Too Many Requests,3 - Sustained Ramp-up 3-1,false,,766,https://localhost:8443/ai/chat/,3
1780365510753,690,POST /ai/chat (sustained),200,OK,3 - Sustained Ramp-up 3-2,true,,1365,https://localhost:8443/ai/chat/,690
1780365511443,612,POST /ai/chat (sustained),200,OK,3 - Sustained Ramp-up 3-2,true,,1341,https://localhost:8443/ai/chat/,612
1780365512055,3,POST /ai/chat (sustained),429,Too Many Requests,3 - Sustained Ramp-up 3-2,false,,815,https://localhost:8443/ai/chat/,3
1780365512058,2,POST /ai/chat (sustained),429,Too Many Requests,3 - Sustained Ramp-up 3-2,false,,815,https://localhost:8443/ai/chat/,2
1780365512061,3,POST /ai/chat (sustained),429,Too Many Requests,3 - Sustained Ramp-up 3-2,false,,815,https://localhost:8443/ai/chat/,3
1780365512064,4,POST /ai/chat (sustained),429,Too Many Requests,3 - Sustained Ramp-up 3-2,false,,815,https://localhost:8443/ai/chat/,4
1780365512068,4,POST /ai/chat (sustained),429,Too Many Requests,3 - Sustained Ramp-up 3-2,false,,815,https://localhost:8443/ai/chat/,4
1780365512072,3,POST /ai/chat (sustained),429,Too Many Requests,3 - Sustained Ramp-up 3-2,false,,815,https://localhost:8443/ai/chat/,3
1780365512075,2,POST /ai/chat (sustained),429,Too Many Requests,3 - Sustained Ramp-up 3-2,false,,766,https://localhost:8443/ai/chat/,1
1780365512077,1,POST /ai/chat (sustained),429,Too Many Requests,3 - Sustained Ramp-up 3-2,false,,766,https://localhost:8443/ai/chat/,1
1780365512078,1,POST /ai/chat (sustained),429,Too Many Requests,3 - Sustained Ramp-up 3-2,false,,766,https://localhost:8443/ai/chat/,1
1780365512080,1,POST /ai/chat (sustained),429,Too Many Requests,3 - Sustained Ramp-up 3-2,false,,766,https://localhost:8443/ai/chat/,1
1780365512081,1,POST /ai/chat (sustained),429,Too Many Requests,3 - Sustained Ramp-up 3-2,false,,766,https://localhost:8443/ai/chat/,1
1780365512082,1,POST /ai/chat (sustained),429,Too Many Requests,3 - Sustained Ramp-up 3-2,false,,766,https://localhost:8443/ai/chat/,1
1780365512083,1,POST /ai/chat (sustained),429,Too Many Requests,3 - Sustained Ramp-up 3-2,false,,766,https://localhost:8443/ai/chat/,1
1780365512085,1,POST /ai/chat (sustained),429,Too Many Requests,3 - Sustained Ramp-up 3-2,false,,766,https://localhost:8443/ai/chat/,1
1780365512086,0,POST /ai/chat (sustained),429,Too Many Requests,3 - Sustained Ramp-up 3-2,false,,766,https://localhost:8443/ai/chat/,0
1780365512087,0,POST /ai/chat (sustained),429,Too Many Requests,3 - Sustained Ramp-up 3-2,false,,766,https://localhost:8443/ai/chat/,0
1780365512088,1,POST /ai/chat (sustained),429,Too Many Requests,3 - Sustained Ramp-up 3-2,false,,766,https://localhost:8443/ai/chat/,1
1780365512089,2,POST /ai/chat (sustained),429,Too Many Requests,3 - Sustained Ramp-up 3-2,false,,766,https://localhost:8443/ai/chat/,1
1780365514753,11,POST /ai/chat (sustained),429,Too Many Requests,3 - Sustained Ramp-up 3-3,false,,815,https://localhost:8443/ai/chat/,11
1780365514764,3,POST /ai/chat (sustained),429,Too Many Requests,3 - Sustained Ramp-up 3-3,false,,815,https://localhost:8443/ai/chat/,3
1780365514768,2,POST /ai/chat (sustained),429,Too Many Requests,3 - Sustained Ramp-up 3-3,false,,815,https://localhost:8443/ai/chat/,2
1780365514771,3,POST /ai/chat (sustained),429,Too Many Requests,3 - Sustained Ramp-up 3-3,false,,815,https://localhost:8443/ai/chat/,3
1780365514775,2,POST /ai/chat (sustained),429,Too Many Requests,3 - Sustained Ramp-up 3-3,false,,815,https://localhost:8443/ai/chat/,2
1780365514777,1,POST /ai/chat (sustained),429,Too Many Requests,3 - Sustained Ramp-up 3-3,false,,766,https://localhost:8443/ai/chat/,1
1780365514779,1,POST /ai/chat (sustained),429,Too Many Requests,3 - Sustained Ramp-up 3-3,false,,766,https://localhost:8443/ai/chat/,1
1780365514780,1,POST /ai/chat (sustained),429,Too Many Requests,3 - Sustained Ramp-up 3-3,false,,766,https://localhost:8443/ai/chat/,1
1780365514781,1,POST /ai/chat (sustained),429,Too Many Requests,3 - Sustained Ramp-up 3-3,false,,766,https://localhost:8443/ai/chat/,1
1780365514783,1,POST /ai/chat (sustained),429,Too Many Requests,3 - Sustained Ramp-up 3-3,false,,766,https://localhost:8443/ai/chat/,1
1780365514784,1,POST /ai/chat (sustained),429,Too Many Requests,3 - Sustained Ramp-up 3-3,false,,766,https://localhost:8443/ai/chat/,1
1780365514786,1,POST /ai/chat (sustained),429,Too Many Requests,3 - Sustained Ramp-up 3-3,false,,766,https://localhost:8443/ai/chat/,1
1780365514787,1,POST /ai/chat (sustained),429,Too Many Requests,3 - Sustained Ramp-up 3-3,false,,766,https://localhost:8443/ai/chat/,1
1780365514789,1,POST /ai/chat (sustained),429,Too Many Requests,3 - Sustained Ramp-up 3-3,false,,766,https://localhost:8443/ai/chat/,1
1780365514791,1,POST /ai/chat (sustained),429,Too Many Requests,3 - Sustained Ramp-up 3-3,false,,766,https://localhost:8443/ai/chat/,1
1780365514792,1,POST /ai/chat (sustained),429,Too Many Requests,3 - Sustained Ramp-up 3-3,false,,766,https://localhost:8443/ai/chat/,1
1780365514793,2,POST /ai/chat (sustained),429,Too Many Requests,3 - Sustained Ramp-up 3-3,false,,766,https://localhost:8443/ai/chat/,2
1780365514796,1,POST /ai/chat (sustained),429,Too Many Requests,3 - Sustained Ramp-up 3-3,false,,766,https://localhost:8443/ai/chat/,1
1780365514798,1,POST /ai/chat (sustained),429,Too Many Requests,3 - Sustained Ramp-up 3-3,false,,766,https://localhost:8443/ai/chat/,1
1780365514799,2,POST /ai/chat (sustained),429,Too Many Requests,3 - Sustained Ramp-up 3-3,false,,766,https://localhost:8443/ai/chat/,2
1780365518757,16,POST /ai/chat (sustained),429,Too Many Requests,3 - Sustained Ramp-up 3-4,false,,815,https://localhost:8443/ai/chat/,16
1780365518773,5,POST /ai/chat (sustained),429,Too Many Requests,3 - Sustained Ramp-up 3-4,false,,815,https://localhost:8443/ai/chat/,4
1780365518778,4,POST /ai/chat (sustained),429,Too Many Requests,3 - Sustained Ramp-up 3-4,false,,815,https://localhost:8443/ai/chat/,4
1780365518782,5,POST /ai/chat (sustained),429,Too Many Requests,3 - Sustained Ramp-up 3-4,false,,815,https://localhost:8443/ai/chat/,4
1780365518787,4,POST /ai/chat (sustained),429,Too Many Requests,3 - Sustained Ramp-up 3-4,false,,815,https://localhost:8443/ai/chat/,4
1780365518792,3,POST /ai/chat (sustained),429,Too Many Requests,3 - Sustained Ramp-up 3-4,false,,815,https://localhost:8443/ai/chat/,3
1780365518796,2,POST /ai/chat (sustained),429,Too Many Requests,3 - Sustained Ramp-up 3-4,false,,766,https://localhost:8443/ai/chat/,2
1780365518799,1,POST /ai/chat (sustained),429,Too Many Requests,3 - Sustained Ramp-up 3-4,false,,766,https://localhost:8443/ai/chat/,1
1780365518801,1,POST /ai/chat (sustained),429,Too Many Requests,3 - Sustained Ramp-up 3-4,false,,766,https://localhost:8443/ai/chat/,1
1780365518803,1,POST /ai/chat (sustained),429,Too Many Requests,3 - Sustained Ramp-up 3-4,false,,766,https://localhost:8443/ai/chat/,1
1780365518804,2,POST /ai/chat (sustained),429,Too Many Requests,3 - Sustained Ramp-up 3-4,false,,766,https://localhost:8443/ai/chat/,2
1780365518806,4,POST /ai/chat (sustained),429,Too Many Requests,3 - Sustained Ramp-up 3-4,false,,766,https://localhost:8443/ai/chat/,4
1780365518810,2,POST /ai/chat (sustained),429,Too Many Requests,3 - Sustained Ramp-up 3-4,false,,766,https://localhost:8443/ai/chat/,2
1780365518813,1,POST /ai/chat (sustained),429,Too Many Requests,3 - Sustained Ramp-up 3-4,false,,766,https://localhost:8443/ai/chat/,1
1780365518814,1,POST /ai/chat (sustained),429,Too Many Requests,3 - Sustained Ramp-up 3-4,false,,766,https://localhost:8443/ai/chat/,1
1780365518815,2,POST /ai/chat (sustained),429,Too Many Requests,3 - Sustained Ramp-up 3-4,false,,766,https://localhost:8443/ai/chat/,2
1780365518817,2,POST /ai/chat (sustained),429,Too Many Requests,3 - Sustained Ramp-up 3-4,false,,766,https://localhost:8443/ai/chat/,2
1780365518819,2,POST /ai/chat (sustained),429,Too Many Requests,3 - Sustained Ramp-up 3-4,false,,766,https://localhost:8443/ai/chat/,1
1780365518821,1,POST /ai/chat (sustained),429,Too Many Requests,3 - Sustained Ramp-up 3-4,false,,766,https://localhost:8443/ai/chat/,1
1780365518822,2,POST /ai/chat (sustained),429,Too Many Requests,3 - Sustained Ramp-up 3-4,false,,766,https://localhost:8443/ai/chat/,2
1780365522757,13,POST /ai/chat (sustained),429,Too Many Requests,3 - Sustained Ramp-up 3-5,false,,815,https://localhost:8443/ai/chat/,13
1780365522770,2,POST /ai/chat (sustained),429,Too Many Requests,3 - Sustained Ramp-up 3-5,false,,815,https://localhost:8443/ai/chat/,2
1780365522773,3,POST /ai/chat (sustained),429,Too Many Requests,3 - Sustained Ramp-up 3-5,false,,815,https://localhost:8443/ai/chat/,3
1780365522776,2,POST /ai/chat (sustained),429,Too Many Requests,3 - Sustained Ramp-up 3-5,false,,815,https://localhost:8443/ai/chat/,2
1780365522779,2,POST /ai/chat (sustained),429,Too Many Requests,3 - Sustained Ramp-up 3-5,false,,815,https://localhost:8443/ai/chat/,2
1780365522782,5,POST /ai/chat (sustained),429,Too Many Requests,3 - Sustained Ramp-up 3-5,false,,815,https://localhost:8443/ai/chat/,5
1780365522788,3,POST /ai/chat (sustained),429,Too Many Requests,3 - Sustained Ramp-up 3-5,false,,766,https://localhost:8443/ai/chat/,3
1780365522792,2,POST /ai/chat (sustained),429,Too Many Requests,3 - Sustained Ramp-up 3-5,false,,766,https://localhost:8443/ai/chat/,2
1780365522794,2,POST /ai/chat (sustained),429,Too Many Requests,3 - Sustained Ramp-up 3-5,false,,766,https://localhost:8443/ai/chat/,2
1780365522797,4,POST /ai/chat (sustained),429,Too Many Requests,3 - Sustained Ramp-up 3-5,false,,766,https://localhost:8443/ai/chat/,4
1780365522802,3,POST /ai/chat (sustained),429,Too Many Requests,3 - Sustained Ramp-up 3-5,false,,766,https://localhost:8443/ai/chat/,3
1780365522807,1,POST /ai/chat (sustained),429,Too Many Requests,3 - Sustained Ramp-up 3-5,false,,766,https://localhost:8443/ai/chat/,1
1780365522809,2,POST /ai/chat (sustained),429,Too Many Requests,3 - Sustained Ramp-up 3-5,false,,766,https://localhost:8443/ai/chat/,2
1780365522811,5,POST /ai/chat (sustained),429,Too Many Requests,3 - Sustained Ramp-up 3-5,false,,766,https://localhost:8443/ai/chat/,5
1780365522817,1,POST /ai/chat (sustained),429,Too Many Requests,3 - Sustained Ramp-up 3-5,false,,766,https://localhost:8443/ai/chat/,1
1780365522819,1,POST /ai/chat (sustained),429,Too Many Requests,3 - Sustained Ramp-up 3-5,false,,766,https://localhost:8443/ai/chat/,1
1780365522820,2,POST /ai/chat (sustained),429,Too Many Requests,3 - Sustained Ramp-up 3-5,false,,766,https://localhost:8443/ai/chat/,2
1780365522823,3,POST /ai/chat (sustained),429,Too Many Requests,3 - Sustained Ramp-up 3-5,false,,766,https://localhost:8443/ai/chat/,3
1780365522827,4,POST /ai/chat (sustained),429,Too Many Requests,3 - Sustained Ramp-up 3-5,false,,766,https://localhost:8443/ai/chat/,4
1780365522831,2,POST /ai/chat (sustained),429,Too Many Requests,3 - Sustained Ramp-up 3-5,false,,766,https://localhost:8443/ai/chat/,2
1780365526766,9,POST /ai/chat (sustained),429,Too Many Requests,3 - Sustained Ramp-up 3-6,false,,815,https://localhost:8443/ai/chat/,9
1780365526776,1,POST /ai/chat (sustained),429,Too Many Requests,3 - Sustained Ramp-up 3-6,false,,815,https://localhost:8443/ai/chat/,1
1780365526778,2,POST /ai/chat (sustained),429,Too Many Requests,3 - Sustained Ramp-up 3-6,false,,815,https://localhost:8443/ai/chat/,2
1780365526781,2,POST /ai/chat (sustained),429,Too Many Requests,3 - Sustained Ramp-up 3-6,false,,815,https://localhost:8443/ai/chat/,2
1780365526784,4,POST /ai/chat (sustained),429,Too Many Requests,3 - Sustained Ramp-up 3-6,false,,815,https://localhost:8443/ai/chat/,4
1780365526789,2,POST /ai/chat (sustained),429,Too Many Requests,3 - Sustained Ramp-up 3-6,false,,815,https://localhost:8443/ai/chat/,2
1780365526791,1,POST /ai/chat (sustained),429,Too Many Requests,3 - Sustained Ramp-up 3-6,false,,766,https://localhost:8443/ai/chat/,1
1780365526792,1,POST /ai/chat (sustained),429,Too Many Requests,3 - Sustained Ramp-up 3-6,false,,766,https://localhost:8443/ai/chat/,1
1780365526794,1,POST /ai/chat (sustained),429,Too Many Requests,3 - Sustained Ramp-up 3-6,false,,766,https://localhost:8443/ai/chat/,1
1780365526795,2,POST /ai/chat (sustained),429,Too Many Requests,3 - Sustained Ramp-up 3-6,false,,766,https://localhost:8443/ai/chat/,2
1780365526797,2,POST /ai/chat (sustained),429,Too Many Requests,3 - Sustained Ramp-up 3-6,false,,766,https://localhost:8443/ai/chat/,2
1780365526799,2,POST /ai/chat (sustained),429,Too Many Requests,3 - Sustained Ramp-up 3-6,false,,766,https://localhost:8443/ai/chat/,2
1780365526801,2,POST /ai/chat (sustained),429,Too Many Requests,3 - Sustained Ramp-up 3-6,false,,766,https://localhost:8443/ai/chat/,2
1780365526803,1,POST /ai/chat (sustained),429,Too Many Requests,3 - Sustained Ramp-up 3-6,false,,766,https://localhost:8443/ai/chat/,1
1780365526804,1,POST /ai/chat (sustained),429,Too Many Requests,3 - Sustained Ramp-up 3-6,false,,766,https://localhost:8443/ai/chat/,1
1780365526806,1,POST /ai/chat (sustained),429,Too Many Requests,3 - Sustained Ramp-up 3-6,false,,766,https://localhost:8443/ai/chat/,1
1780365526807,2,POST /ai/chat (sustained),429,Too Many Requests,3 - Sustained Ramp-up 3-6,false,,766,https://localhost:8443/ai/chat/,2
1780365526809,1,POST /ai/chat (sustained),429,Too Many Requests,3 - Sustained Ramp-up 3-6,false,,766,https://localhost:8443/ai/chat/,1
1780365526811,1,POST /ai/chat (sustained),429,Too Many Requests,3 - Sustained Ramp-up 3-6,false,,766,https://localhost:8443/ai/chat/,1
1780365526812,2,POST /ai/chat (sustained),429,Too Many Requests,3 - Sustained Ramp-up 3-6,false,,766,https://localhost:8443/ai/chat/,2
1780365530756,12,POST /ai/chat (sustained),429,Too Many Requests,3 - Sustained Ramp-up 3-7,false,,815,https://localhost:8443/ai/chat/,12
1780365530768,6,POST /ai/chat (sustained),429,Too Many Requests,3 - Sustained Ramp-up 3-7,false,,815,https://localhost:8443/ai/chat/,5
1780365530774,4,POST /ai/chat (sustained),429,Too Many Requests,3 - Sustained Ramp-up 3-7,false,,815,https://localhost:8443/ai/chat/,4
1780365530779,3,POST /ai/chat (sustained),429,Too Many Requests,3 - Sustained Ramp-up 3-7,false,,815,https://localhost:8443/ai/chat/,3
1780365530782,4,POST /ai/chat (sustained),429,Too Many Requests,3 - Sustained Ramp-up 3-7,false,,815,https://localhost:8443/ai/chat/,4
1780365530787,3,POST /ai/chat (sustained),429,Too Many Requests,3 - Sustained Ramp-up 3-7,false,,815,https://localhost:8443/ai/chat/,3
1780365530791,1,POST /ai/chat (sustained),429,Too Many Requests,3 - Sustained Ramp-up 3-7,false,,766,https://localhost:8443/ai/chat/,1
1780365530792,1,POST /ai/chat (sustained),429,Too Many Requests,3 - Sustained Ramp-up 3-7,false,,766,https://localhost:8443/ai/chat/,1
1780365530793,1,POST /ai/chat (sustained),429,Too Many Requests,3 - Sustained Ramp-up 3-7,false,,766,https://localhost:8443/ai/chat/,1
1780365530794,1,POST /ai/chat (sustained),429,Too Many Requests,3 - Sustained Ramp-up 3-7,false,,766,https://localhost:8443/ai/chat/,1
1780365530795,0,POST /ai/chat (sustained),429,Too Many Requests,3 - Sustained Ramp-up 3-7,false,,766,https://localhost:8443/ai/chat/,0
1780365530796,0,POST /ai/chat (sustained),429,Too Many Requests,3 - Sustained Ramp-up 3-7,false,,766,https://localhost:8443/ai/chat/,0
1780365530796,1,POST /ai/chat (sustained),429,Too Many Requests,3 - Sustained Ramp-up 3-7,false,,766,https://localhost:8443/ai/chat/,1
1780365530797,1,POST /ai/chat (sustained),429,Too Many Requests,3 - Sustained Ramp-up 3-7,false,,766,https://localhost:8443/ai/chat/,1
1780365530798,1,POST /ai/chat (sustained),429,Too Many Requests,3 - Sustained Ramp-up 3-7,false,,766,https://localhost:8443/ai/chat/,1
1780365530799,1,POST /ai/chat (sustained),429,Too Many Requests,3 - Sustained Ramp-up 3-7,false,,766,https://localhost:8443/ai/chat/,1
1780365530800,1,POST /ai/chat (sustained),429,Too Many Requests,3 - Sustained Ramp-up 3-7,false,,766,https://localhost:8443/ai/chat/,1
1780365530801,1,POST /ai/chat (sustained),429,Too Many Requests,3 - Sustained Ramp-up 3-7,false,,766,https://localhost:8443/ai/chat/,1
1780365530802,2,POST /ai/chat (sustained),429,Too Many Requests,3 - Sustained Ramp-up 3-7,false,,766,https://localhost:8443/ai/chat/,2
1780365530804,2,POST /ai/chat (sustained),429,Too Many Requests,3 - Sustained Ramp-up 3-7,false,,766,https://localhost:8443/ai/chat/,2
1780365534758,17,POST /ai/chat (sustained),429,Too Many Requests,3 - Sustained Ramp-up 3-8,false,,815,https://localhost:8443/ai/chat/,17
1780365534776,4,POST /ai/chat (sustained),429,Too Many Requests,3 - Sustained Ramp-up 3-8,false,,815,https://localhost:8443/ai/chat/,4
1780365534780,9,POST /ai/chat (sustained),429,Too Many Requests,3 - Sustained Ramp-up 3-8,false,,815,https://localhost:8443/ai/chat/,9
1780365534789,4,POST /ai/chat (sustained),429,Too Many Requests,3 - Sustained Ramp-up 3-8,false,,815,https://localhost:8443/ai/chat/,4
1780365534794,8,POST /ai/chat (sustained),429,Too Many Requests,3 - Sustained Ramp-up 3-8,false,,815,https://localhost:8443/ai/chat/,8
1780365534802,4,POST /ai/chat (sustained),429,Too Many Requests,3 - Sustained Ramp-up 3-8,false,,815,https://localhost:8443/ai/chat/,4
1780365534806,2,POST /ai/chat (sustained),429,Too Many Requests,3 - Sustained Ramp-up 3-8,false,,766,https://localhost:8443/ai/chat/,2
1780365534808,4,POST /ai/chat (sustained),429,Too Many Requests,3 - Sustained Ramp-up 3-8,false,,766,https://localhost:8443/ai/chat/,4
1780365534814,4,POST /ai/chat (sustained),429,Too Many Requests,3 - Sustained Ramp-up 3-8,false,,766,https://localhost:8443/ai/chat/,4
1780365534819,2,POST /ai/chat (sustained),429,Too Many Requests,3 - Sustained Ramp-up 3-8,false,,766,https://localhost:8443/ai/chat/,2
1780365534821,3,POST /ai/chat (sustained),429,Too Many Requests,3 - Sustained Ramp-up 3-8,false,,766,https://localhost:8443/ai/chat/,3
1780365534825,5,POST /ai/chat (sustained),429,Too Many Requests,3 - Sustained Ramp-up 3-8,false,,766,https://localhost:8443/ai/chat/,5
1780365534830,2,POST /ai/chat (sustained),429,Too Many Requests,3 - Sustained Ramp-up 3-8,false,,766,https://localhost:8443/ai/chat/,2
1780365534833,2,POST /ai/chat (sustained),429,Too Many Requests,3 - Sustained Ramp-up 3-8,false,,766,https://localhost:8443/ai/chat/,2
1780365534836,2,POST /ai/chat (sustained),429,Too Many Requests,3 - Sustained Ramp-up 3-8,false,,766,https://localhost:8443/ai/chat/,2
1780365534839,4,POST /ai/chat (sustained),429,Too Many Requests,3 - Sustained Ramp-up 3-8,false,,766,https://localhost:8443/ai/chat/,4
1780365534844,2,POST /ai/chat (sustained),429,Too Many Requests,3 - Sustained Ramp-up 3-8,false,,766,https://localhost:8443/ai/chat/,2
1780365534846,1,POST /ai/chat (sustained),429,Too Many Requests,3 - Sustained Ramp-up 3-8,false,,766,https://localhost:8443/ai/chat/,1
1780365534848,2,POST /ai/chat (sustained),429,Too Many Requests,3 - Sustained Ramp-up 3-8,false,,766,https://localhost:8443/ai/chat/,2
1780365534850,5,POST /ai/chat (sustained),429,Too Many Requests,3 - Sustained Ramp-up 3-8,false,,766,https://localhost:8443/ai/chat/,4
1780365538756,14,POST /ai/chat (sustained),429,Too Many Requests,3 - Sustained Ramp-up 3-9,false,,815,https://localhost:8443/ai/chat/,14
1780365538770,6,POST /ai/chat (sustained),429,Too Many Requests,3 - Sustained Ramp-up 3-9,false,,815,https://localhost:8443/ai/chat/,6
1780365538776,9,POST /ai/chat (sustained),429,Too Many Requests,3 - Sustained Ramp-up 3-9,false,,815,https://localhost:8443/ai/chat/,9
1780365538786,5,POST /ai/chat (sustained),429,Too Many Requests,3 - Sustained Ramp-up 3-9,false,,815,https://localhost:8443/ai/chat/,5
1780365538791,12,POST /ai/chat (sustained),429,Too Many Requests,3 - Sustained Ramp-up 3-9,false,,815,https://localhost:8443/ai/chat/,11
1780365538804,7,POST /ai/chat (sustained),429,Too Many Requests,3 - Sustained Ramp-up 3-9,false,,815,https://localhost:8443/ai/chat/,7
1780365538812,3,POST /ai/chat (sustained),429,Too Many Requests,3 - Sustained Ramp-up 3-9,false,,766,https://localhost:8443/ai/chat/,3
1780365538816,2,POST /ai/chat (sustained),429,Too Many Requests,3 - Sustained Ramp-up 3-9,false,,766,https://localhost:8443/ai/chat/,2
1780365538819,2,POST /ai/chat (sustained),429,Too Many Requests,3 - Sustained Ramp-up 3-9,false,,766,https://localhost:8443/ai/chat/,2
1780365538822,3,POST /ai/chat (sustained),429,Too Many Requests,3 - Sustained Ramp-up 3-9,false,,766,https://localhost:8443/ai/chat/,3
1780365538826,3,POST /ai/chat (sustained),429,Too Many Requests,3 - Sustained Ramp-up 3-9,false,,766,https://localhost:8443/ai/chat/,3
1780365538829,2,POST /ai/chat (sustained),429,Too Many Requests,3 - Sustained Ramp-up 3-9,false,,766,https://localhost:8443/ai/chat/,2
1780365538832,1,POST /ai/chat (sustained),429,Too Many Requests,3 - Sustained Ramp-up 3-9,false,,766,https://localhost:8443/ai/chat/,1
1780365538834,2,POST /ai/chat (sustained),429,Too Many Requests,3 - Sustained Ramp-up 3-9,false,,766,https://localhost:8443/ai/chat/,2
1780365538836,3,POST /ai/chat (sustained),429,Too Many Requests,3 - Sustained Ramp-up 3-9,false,,766,https://localhost:8443/ai/chat/,3
1780365538840,2,POST /ai/chat (sustained),429,Too Many Requests,3 - Sustained Ramp-up 3-9,false,,766,https://localhost:8443/ai/chat/,2
1780365538842,4,POST /ai/chat (sustained),429,Too Many Requests,3 - Sustained Ramp-up 3-9,false,,766,https://localhost:8443/ai/chat/,4
1780365538846,1,POST /ai/chat (sustained),429,Too Many Requests,3 - Sustained Ramp-up 3-9,false,,766,https://localhost:8443/ai/chat/,1
1780365538848,2,POST /ai/chat (sustained),429,Too Many Requests,3 - Sustained Ramp-up 3-9,false,,766,https://localhost:8443/ai/chat/,2
1780365538850,6,POST /ai/chat (sustained),429,Too Many Requests,3 - Sustained Ramp-up 3-9,false,,766,https://localhost:8443/ai/chat/,5
1780365542757,16,POST /ai/chat (sustained),429,Too Many Requests,3 - Sustained Ramp-up 3-10,false,,815,https://localhost:8443/ai/chat/,16
1780365542773,6,POST /ai/chat (sustained),429,Too Many Requests,3 - Sustained Ramp-up 3-10,false,,815,https://localhost:8443/ai/chat/,6
1780365542780,4,POST /ai/chat (sustained),429,Too Many Requests,3 - Sustained Ramp-up 3-10,false,,815,https://localhost:8443/ai/chat/,4
1780365542785,5,POST /ai/chat (sustained),429,Too Many Requests,3 - Sustained Ramp-up 3-10,false,,815,https://localhost:8443/ai/chat/,5
1780365542791,5,POST /ai/chat (sustained),429,Too Many Requests,3 - Sustained Ramp-up 3-10,false,,815,https://localhost:8443/ai/chat/,5
1780365542796,3,POST /ai/chat (sustained),429,Too Many Requests,3 - Sustained Ramp-up 3-10,false,,815,https://localhost:8443/ai/chat/,3
1780365542800,2,POST /ai/chat (sustained),429,Too Many Requests,3 - Sustained Ramp-up 3-10,false,,766,https://localhost:8443/ai/chat/,2
1780365542802,1,POST /ai/chat (sustained),429,Too Many Requests,3 - Sustained Ramp-up 3-10,false,,766,https://localhost:8443/ai/chat/,1
1780365542803,1,POST /ai/chat (sustained),429,Too Many Requests,3 - Sustained Ramp-up 3-10,false,,766,https://localhost:8443/ai/chat/,1
1780365542804,1,POST /ai/chat (sustained),429,Too Many Requests,3 - Sustained Ramp-up 3-10,false,,766,https://localhost:8443/ai/chat/,1
1780365542806,2,POST /ai/chat (sustained),429,Too Many Requests,3 - Sustained Ramp-up 3-10,false,,766,https://localhost:8443/ai/chat/,2
1780365542808,1,POST /ai/chat (sustained),429,Too Many Requests,3 - Sustained Ramp-up 3-10,false,,766,https://localhost:8443/ai/chat/,1
1780365542809,1,POST /ai/chat (sustained),429,Too Many Requests,3 - Sustained Ramp-up 3-10,false,,766,https://localhost:8443/ai/chat/,1
1780365542810,1,POST /ai/chat (sustained),429,Too Many Requests,3 - Sustained Ramp-up 3-10,false,,766,https://localhost:8443/ai/chat/,1
1780365542811,1,POST /ai/chat (sustained),429,Too Many Requests,3 - Sustained Ramp-up 3-10,false,,766,https://localhost:8443/ai/chat/,1
1780365542813,2,POST /ai/chat (sustained),429,Too Many Requests,3 - Sustained Ramp-up 3-10,false,,766,https://localhost:8443/ai/chat/,2
1780365542815,1,POST /ai/chat (sustained),429,Too Many Requests,3 - Sustained Ramp-up 3-10,false,,766,https://localhost:8443/ai/chat/,1
1780365542816,2,POST /ai/chat (sustained),429,Too Many Requests,3 - Sustained Ramp-up 3-10,false,,766,https://localhost:8443/ai/chat/,2
1780365542818,1,POST /ai/chat (sustained),429,Too Many Requests,3 - Sustained Ramp-up 3-10,false,,766,https://localhost:8443/ai/chat/,1
1780365542819,2,POST /ai/chat (sustained),429,Too Many Requests,3 - Sustained Ramp-up 3-10,false,,766,https://localhost:8443/ai/chat/,2
1780365546760,12,POST /ai/chat (sustained),429,Too Many Requests,3 - Sustained Ramp-up 3-11,false,,815,https://localhost:8443/ai/chat/,12
1780365546772,5,POST /ai/chat (sustained),429,Too Many Requests,3 - Sustained Ramp-up 3-11,false,,815,https://localhost:8443/ai/chat/,5
1780365546777,5,POST /ai/chat (sustained),429,Too Many Requests,3 - Sustained Ramp-up 3-11,false,,815,https://localhost:8443/ai/chat/,5
1780365546782,6,POST /ai/chat (sustained),429,Too Many Requests,3 - Sustained Ramp-up 3-11,false,,815,https://localhost:8443/ai/chat/,6
1780365546789,3,POST /ai/chat (sustained),429,Too Many Requests,3 - Sustained Ramp-up 3-11,false,,815,https://localhost:8443/ai/chat/,3
1780365546792,2,POST /ai/chat (sustained),429,Too Many Requests,3 - Sustained Ramp-up 3-11,false,,815,https://localhost:8443/ai/chat/,2
1780365546794,1,POST /ai/chat (sustained),429,Too Many Requests,3 - Sustained Ramp-up 3-11,false,,766,https://localhost:8443/ai/chat/,1
1780365546795,1,POST /ai/chat (sustained),429,Too Many Requests,3 - Sustained Ramp-up 3-11,false,,766,https://localhost:8443/ai/chat/,1
1780365546796,1,POST /ai/chat (sustained),429,Too Many Requests,3 - Sustained Ramp-up 3-11,false,,766,https://localhost:8443/ai/chat/,1
1780365546797,1,POST /ai/chat (sustained),429,Too Many Requests,3 - Sustained Ramp-up 3-11,false,,766,https://localhost:8443/ai/chat/,1
1780365546798,1,POST /ai/chat (sustained),429,Too Many Requests,3 - Sustained Ramp-up 3-11,false,,766,https://localhost:8443/ai/chat/,1
1780365546799,1,POST /ai/chat (sustained),429,Too Many Requests,3 - Sustained Ramp-up 3-11,false,,766,https://localhost:8443/ai/chat/,1
1780365546800,1,POST /ai/chat (sustained),429,Too Many Requests,3 - Sustained Ramp-up 3-11,false,,766,https://localhost:8443/ai/chat/,1
1780365546801,1,POST /ai/chat (sustained),429,Too Many Requests,3 - Sustained Ramp-up 3-11,false,,766,https://localhost:8443/ai/chat/,1
1780365546803,2,POST /ai/chat (sustained),429,Too Many Requests,3 - Sustained Ramp-up 3-11,false,,766,https://localhost:8443/ai/chat/,2
1780365546805,1,POST /ai/chat (sustained),429,Too Many Requests,3 - Sustained Ramp-up 3-11,false,,766,https://localhost:8443/ai/chat/,1
1780365546806,1,POST /ai/chat (sustained),429,Too Many Requests,3 - Sustained Ramp-up 3-11,false,,766,https://localhost:8443/ai/chat/,1
1780365546808,0,POST /ai/chat (sustained),429,Too Many Requests,3 - Sustained Ramp-up 3-11,false,,766,https://localhost:8443/ai/chat/,0
1780365546808,1,POST /ai/chat (sustained),429,Too Many Requests,3 - Sustained Ramp-up 3-11,false,,766,https://localhost:8443/ai/chat/,1
1780365546809,1,POST /ai/chat (sustained),429,Too Many Requests,3 - Sustained Ramp-up 3-11,false,,766,https://localhost:8443/ai/chat/,1
1780365550763,12,POST /ai/chat (sustained),429,Too Many Requests,3 - Sustained Ramp-up 3-12,false,,815,https://localhost:8443/ai/chat/,12
1780365550775,6,POST /ai/chat (sustained),429,Too Many Requests,3 - Sustained Ramp-up 3-12,false,,815,https://localhost:8443/ai/chat/,6
1780365550781,4,POST /ai/chat (sustained),429,Too Many Requests,3 - Sustained Ramp-up 3-12,false,,815,https://localhost:8443/ai/chat/,4
1780365550785,6,POST /ai/chat (sustained),429,Too Many Requests,3 - Sustained Ramp-up 3-12,false,,815,https://localhost:8443/ai/chat/,6
1780365550791,3,POST /ai/chat (sustained),429,Too Many Requests,3 - Sustained Ramp-up 3-12,false,,815,https://localhost:8443/ai/chat/,3
1780365550795,3,POST /ai/chat (sustained),429,Too Many Requests,3 - Sustained Ramp-up 3-12,false,,815,https://localhost:8443/ai/chat/,3
1780365550799,3,POST /ai/chat (sustained),429,Too Many Requests,3 - Sustained Ramp-up 3-12,false,,766,https://localhost:8443/ai/chat/,3
1780365550802,2,POST /ai/chat (sustained),429,Too Many Requests,3 - Sustained Ramp-up 3-12,false,,766,https://localhost:8443/ai/chat/,2
1780365550804,2,POST /ai/chat (sustained),429,Too Many Requests,3 - Sustained Ramp-up 3-12,false,,766,https://localhost:8443/ai/chat/,2
1780365550807,2,POST /ai/chat (sustained),429,Too Many Requests,3 - Sustained Ramp-up 3-12,false,,766,https://localhost:8443/ai/chat/,2
1780365550810,2,POST /ai/chat (sustained),429,Too Many Requests,3 - Sustained Ramp-up 3-12,false,,766,https://localhost:8443/ai/chat/,2
1780365550812,1,POST /ai/chat (sustained),429,Too Many Requests,3 - Sustained Ramp-up 3-12,false,,766,https://localhost:8443/ai/chat/,1
1780365550814,4,POST /ai/chat (sustained),429,Too Many Requests,3 - Sustained Ramp-up 3-12,false,,766,https://localhost:8443/ai/chat/,4
1780365550818,3,POST /ai/chat (sustained),429,Too Many Requests,3 - Sustained Ramp-up 3-12,false,,766,https://localhost:8443/ai/chat/,3
1780365550822,5,POST /ai/chat (sustained),429,Too Many Requests,3 - Sustained Ramp-up 3-12,false,,766,https://localhost:8443/ai/chat/,5
1780365550827,3,POST /ai/chat (sustained),429,Too Many Requests,3 - Sustained Ramp-up 3-12,false,,766,https://localhost:8443/ai/chat/,3
1780365550830,3,POST /ai/chat (sustained),429,Too Many Requests,3 - Sustained Ramp-up 3-12,false,,766,https://localhost:8443/ai/chat/,3
1780365550834,5,POST /ai/chat (sustained),429,Too Many Requests,3 - Sustained Ramp-up 3-12,false,,766,https://localhost:8443/ai/chat/,5
1780365550840,3,POST /ai/chat (sustained),429,Too Many Requests,3 - Sustained Ramp-up 3-12,false,,766,https://localhost:8443/ai/chat/,3
1780365550843,3,POST /ai/chat (sustained),429,Too Many Requests,3 - Sustained Ramp-up 3-12,false,,766,https://localhost:8443/ai/chat/,3
1780365554772,10,POST /ai/chat (sustained),429,Too Many Requests,3 - Sustained Ramp-up 3-13,false,,815,https://localhost:8443/ai/chat/,10
1780365554783,3,POST /ai/chat (sustained),429,Too Many Requests,3 - Sustained Ramp-up 3-13,false,,815,https://localhost:8443/ai/chat/,3
1780365554786,4,POST /ai/chat (sustained),429,Too Many Requests,3 - Sustained Ramp-up 3-13,false,,815,https://localhost:8443/ai/chat/,4
1780365554790,3,POST /ai/chat (sustained),429,Too Many Requests,3 - Sustained Ramp-up 3-13,false,,815,https://localhost:8443/ai/chat/,3
1780365554794,4,POST /ai/chat (sustained),429,Too Many Requests,3 - Sustained Ramp-up 3-13,false,,815,https://localhost:8443/ai/chat/,4
1780365554798,3,POST /ai/chat (sustained),429,Too Many Requests,3 - Sustained Ramp-up 3-13,false,,815,https://localhost:8443/ai/chat/,3
1780365554801,2,POST /ai/chat (sustained),429,Too Many Requests,3 - Sustained Ramp-up 3-13,false,,766,https://localhost:8443/ai/chat/,2
1780365554803,1,POST /ai/chat (sustained),429,Too Many Requests,3 - Sustained Ramp-up 3-13,false,,766,https://localhost:8443/ai/chat/,1
1780365554804,2,POST /ai/chat (sustained),429,Too Many Requests,3 - Sustained Ramp-up 3-13,false,,766,https://localhost:8443/ai/chat/,2
1780365554806,1,POST /ai/chat (sustained),429,Too Many Requests,3 - Sustained Ramp-up 3-13,false,,766,https://localhost:8443/ai/chat/,1
1780365554807,1,POST /ai/chat (sustained),429,Too Many Requests,3 - Sustained Ramp-up 3-13,false,,766,https://localhost:8443/ai/chat/,1
1780365554808,2,POST /ai/chat (sustained),429,Too Many Requests,3 - Sustained Ramp-up 3-13,false,,766,https://localhost:8443/ai/chat/,2
1780365554810,2,POST /ai/chat (sustained),429,Too Many Requests,3 - Sustained Ramp-up 3-13,false,,766,https://localhost:8443/ai/chat/,2
1780365554812,1,POST /ai/chat (sustained),429,Too Many Requests,3 - Sustained Ramp-up 3-13,false,,766,https://localhost:8443/ai/chat/,1
1780365554814,1,POST /ai/chat (sustained),429,Too Many Requests,3 - Sustained Ramp-up 3-13,false,,766,https://localhost:8443/ai/chat/,1
1780365554815,1,POST /ai/chat (sustained),429,Too Many Requests,3 - Sustained Ramp-up 3-13,false,,766,https://localhost:8443/ai/chat/,1
1780365554816,1,POST /ai/chat (sustained),429,Too Many Requests,3 - Sustained Ramp-up 3-13,false,,766,https://localhost:8443/ai/chat/,1
1780365554818,2,POST /ai/chat (sustained),429,Too Many Requests,3 - Sustained Ramp-up 3-13,false,,766,https://localhost:8443/ai/chat/,2
1780365554820,1,POST /ai/chat (sustained),429,Too Many Requests,3 - Sustained Ramp-up 3-13,false,,766,https://localhost:8443/ai/chat/,1
1780365554821,2,POST /ai/chat (sustained),429,Too Many Requests,3 - Sustained Ramp-up 3-13,false,,766,https://localhost:8443/ai/chat/,2
1780365558777,11,POST /ai/chat (sustained),429,Too Many Requests,3 - Sustained Ramp-up 3-14,false,,815,https://localhost:8443/ai/chat/,11
1780365558788,3,POST /ai/chat (sustained),429,Too Many Requests,3 - Sustained Ramp-up 3-14,false,,815,https://localhost:8443/ai/chat/,3
1780365558791,3,POST /ai/chat (sustained),429,Too Many Requests,3 - Sustained Ramp-up 3-14,false,,815,https://localhost:8443/ai/chat/,3
1780365558794,3,POST /ai/chat (sustained),429,Too Many Requests,3 - Sustained Ramp-up 3-14,false,,815,https://localhost:8443/ai/chat/,3
1780365558797,2,POST /ai/chat (sustained),429,Too Many Requests,3 - Sustained Ramp-up 3-14,false,,815,https://localhost:8443/ai/chat/,2
1780365558800,2,POST /ai/chat (sustained),429,Too Many Requests,3 - Sustained Ramp-up 3-14,false,,815,https://localhost:8443/ai/chat/,2
1780365558802,1,POST /ai/chat (sustained),429,Too Many Requests,3 - Sustained Ramp-up 3-14,false,,766,https://localhost:8443/ai/chat/,1
1780365558803,1,POST /ai/chat (sustained),429,Too Many Requests,3 - Sustained Ramp-up 3-14,false,,766,https://localhost:8443/ai/chat/,1
1780365558804,1,POST /ai/chat (sustained),429,Too Many Requests,3 - Sustained Ramp-up 3-14,false,,766,https://localhost:8443/ai/chat/,1
1780365558805,1,POST /ai/chat (sustained),429,Too Many Requests,3 - Sustained Ramp-up 3-14,false,,766,https://localhost:8443/ai/chat/,1
1780365558806,1,POST /ai/chat (sustained),429,Too Many Requests,3 - Sustained Ramp-up 3-14,false,,766,https://localhost:8443/ai/chat/,1
1780365558807,1,POST /ai/chat (sustained),429,Too Many Requests,3 - Sustained Ramp-up 3-14,false,,766,https://localhost:8443/ai/chat/,1
1780365558808,1,POST /ai/chat (sustained),429,Too Many Requests,3 - Sustained Ramp-up 3-14,false,,766,https://localhost:8443/ai/chat/,1
1780365558809,1,POST /ai/chat (sustained),429,Too Many Requests,3 - Sustained Ramp-up 3-14,false,,766,https://localhost:8443/ai/chat/,1
1780365558810,1,POST /ai/chat (sustained),429,Too Many Requests,3 - Sustained Ramp-up 3-14,false,,766,https://localhost:8443/ai/chat/,1
1780365558811,1,POST /ai/chat (sustained),429,Too Many Requests,3 - Sustained Ramp-up 3-14,false,,766,https://localhost:8443/ai/chat/,1
1780365558812,1,POST /ai/chat (sustained),429,Too Many Requests,3 - Sustained Ramp-up 3-14,false,,766,https://localhost:8443/ai/chat/,1
1780365558813,0,POST /ai/chat (sustained),429,Too Many Requests,3 - Sustained Ramp-up 3-14,false,,766,https://localhost:8443/ai/chat/,0
1780365558814,1,POST /ai/chat (sustained),429,Too Many Requests,3 - Sustained Ramp-up 3-14,false,,766,https://localhost:8443/ai/chat/,1
1780365558815,1,POST /ai/chat (sustained),429,Too Many Requests,3 - Sustained Ramp-up 3-14,false,,766,https://localhost:8443/ai/chat/,1
1780365562787,11,POST /ai/chat (sustained),429,Too Many Requests,3 - Sustained Ramp-up 3-15,false,,815,https://localhost:8443/ai/chat/,11
1780365562798,2,POST /ai/chat (sustained),429,Too Many Requests,3 - Sustained Ramp-up 3-15,false,,815,https://localhost:8443/ai/chat/,2
1780365562801,3,POST /ai/chat (sustained),429,Too Many Requests,3 - Sustained Ramp-up 3-15,false,,815,https://localhost:8443/ai/chat/,3
1780365562804,3,POST /ai/chat (sustained),429,Too Many Requests,3 - Sustained Ramp-up 3-15,false,,815,https://localhost:8443/ai/chat/,3
1780365562807,2,POST /ai/chat (sustained),429,Too Many Requests,3 - Sustained Ramp-up 3-15,false,,815,https://localhost:8443/ai/chat/,2
1780365562809,3,POST /ai/chat (sustained),429,Too Many Requests,3 - Sustained Ramp-up 3-15,false,,815,https://localhost:8443/ai/chat/,3
1780365562812,1,POST /ai/chat (sustained),429,Too Many Requests,3 - Sustained Ramp-up 3-15,false,,766,https://localhost:8443/ai/chat/,1
1780365562813,1,POST /ai/chat (sustained),429,Too Many Requests,3 - Sustained Ramp-up 3-15,false,,766,https://localhost:8443/ai/chat/,1
1780365562814,1,POST /ai/chat (sustained),429,Too Many Requests,3 - Sustained Ramp-up 3-15,false,,766,https://localhost:8443/ai/chat/,1
1780365562815,1,POST /ai/chat (sustained),429,Too Many Requests,3 - Sustained Ramp-up 3-15,false,,766,https://localhost:8443/ai/chat/,1
1780365562816,1,POST /ai/chat (sustained),429,Too Many Requests,3 - Sustained Ramp-up 3-15,false,,766,https://localhost:8443/ai/chat/,1
1780365562818,1,POST /ai/chat (sustained),429,Too Many Requests,3 - Sustained Ramp-up 3-15,false,,766,https://localhost:8443/ai/chat/,1
1780365562820,1,POST /ai/chat (sustained),429,Too Many Requests,3 - Sustained Ramp-up 3-15,false,,766,https://localhost:8443/ai/chat/,1
1780365562821,1,POST /ai/chat (sustained),429,Too Many Requests,3 - Sustained Ramp-up 3-15,false,,766,https://localhost:8443/ai/chat/,1
1780365562822,1,POST /ai/chat (sustained),429,Too Many Requests,3 - Sustained Ramp-up 3-15,false,,766,https://localhost:8443/ai/chat/,1
1780365562824,1,POST /ai/chat (sustained),429,Too Many Requests,3 - Sustained Ramp-up 3-15,false,,766,https://localhost:8443/ai/chat/,1
1780365562826,1,POST /ai/chat (sustained),429,Too Many Requests,3 - Sustained Ramp-up 3-15,false,,766,https://localhost:8443/ai/chat/,1
1780365562827,1,POST /ai/chat (sustained),429,Too Many Requests,3 - Sustained Ramp-up 3-15,false,,766,https://localhost:8443/ai/chat/,1
1780365562828,1,POST /ai/chat (sustained),429,Too Many Requests,3 - Sustained Ramp-up 3-15,false,,766,https://localhost:8443/ai/chat/,1
1780365562829,1,POST /ai/chat (sustained),429,Too Many Requests,3 - Sustained Ramp-up 3-15,false,,766,https://localhost:8443/ai/chat/,1
